{
  "token_acc":0.9998541976,
  "token_p":0.9982795323,
  "token_r":0.998862078,
  "token_f":0.9985707202,
  "tag_acc":0.3797017713,
  "pos_acc":0.8264320523,
  "morph_acc":0.730328718,
  "morph_micro_p":0.881700109,
  "morph_micro_r":0.9551574659,
  "morph_micro_f":0.9169599791,
  "morph_per_feat":{
    "Case":{
      "p":0.9670624899,
      "r":0.9632840933,
      "f":0.9651695938
    },
    "Gender":{
      "p":0.9185221301,
      "r":0.9117061892,
      "f":0.915101468
    },
    "Number":{
      "p":0.9845300903,
      "r":0.9800605305,
      "f":0.9822902262
    },
    "Aspect":{
      "p":0.6154794943,
      "r":0.9491203043,
      "f":0.7467265245
    },
    "Mood":{
      "p":0.9669861555,
      "r":0.9611008203,
      "f":0.9640345056
    },
    "Person":{
      "p":0.8888032376,
      "r":0.9648535565,
      "f":0.9252683318
    },
    "Tense":{
      "p":0.9505885998,
      "r":0.9488249845,
      "f":0.9497059734
    },
    "VerbForm":{
      "p":0.9795665635,
      "r":0.9788089714,
      "f":0.9791876209
    },
    "Voice":{
      "p":0.9233271375,
      "r":0.9216141002,
      "f":0.9224698236
    },
    "PronType":{
      "p":0.4792108267,
      "r":0.9829431438,
      "f":0.6443056012
    },
    "Degree":{
      "p":0.3824228029,
      "r":0.9382284382,
      "f":0.5433682079
    },
    "Definite":{
      "p":0.4291556411,
      "r":0.9938718663,
      "f":0.5994623656
    },
    "Reflex":{
      "p":0.6216216216,
      "r":1.0,
      "f":0.7666666667
    },
    "Polarity":{
      "p":0.9908675799,
      "r":0.9819004525,
      "f":0.9863636364
    },
    "Poss":{
      "p":0.4444444444,
      "r":0.9230769231,
      "f":0.6
    }
  },
  "sents_p":0.2292711714,
  "sents_r":0.3302167446,
  "sents_f":0.2706374086,
  "dep_uas":0.7241931585,
  "dep_las":0.6093945941,
  "dep_las_per_type":{
    "iobj":{
      "p":0.4004085802,
      "r":0.7313432836,
      "f":0.5174917492
    },
    "root":{
      "p":0.5654481132,
      "r":0.8151296218,
      "f":0.6677110531
    },
    "nsubj":{
      "p":0.7202696196,
      "r":0.6702508961,
      "f":0.6943606405
    },
    "advmod":{
      "p":0.5490825688,
      "r":0.3633879781,
      "f":0.4373401535
    },
    "advcl":{
      "p":0.5686390533,
      "r":0.6002498438,
      "f":0.5840170161
    },
    "ccomp":{
      "p":0.3932346723,
      "r":0.4366197183,
      "f":0.4137931034
    },
    "discourse":{
      "p":0.3430777716,
      "r":0.8184210526,
      "f":0.4834823164
    },
    "obj":{
      "p":0.7281063732,
      "r":0.6570128258,
      "f":0.6907351022
    },
    "det":{
      "p":0.8047551884,
      "r":0.8546971967,
      "f":0.8289746783
    },
    "nmod":{
      "p":0.6206123973,
      "r":0.3,
      "f":0.4044779752
    },
    "cop":{
      "p":0.737704918,
      "r":0.7287449393,
      "f":0.733197556
    },
    "appos":{
      "p":0.1374663073,
      "r":0.2642487047,
      "f":0.1808510638
    },
    "case":{
      "p":0.9010752688,
      "r":0.9022394488,
      "f":0.901656983
    },
    "acl":{
      "p":0.2425742574,
      "r":0.3310810811,
      "f":0.28
    },
    "mark":{
      "p":0.752,
      "r":0.6690391459,
      "f":0.7080979284
    },
    "obl":{
      "p":0.6609336609,
      "r":0.6141552511,
      "f":0.6366863905
    },
    "nsubj:pass":{
      "p":0.3175965665,
      "r":0.7789473684,
      "f":0.4512195122
    },
    "xcomp":{
      "p":0.4956521739,
      "r":0.4494086728,
      "f":0.4713990351
    },
    "cc":{
      "p":0.5445492662,
      "r":0.6251504212,
      "f":0.5820728291
    },
    "conj":{
      "p":0.56664478,
      "r":0.56664478,
      "f":0.56664478
    },
    "dislocated":{
      "p":0.0036101083,
      "r":0.0357142857,
      "f":0.006557377
    },
    "amod":{
      "p":0.3028391167,
      "r":0.5318559557,
      "f":0.3859296482
    },
    "parataxis":{
      "p":0.0,
      "r":0.0,
      "f":0.0
    },
    "dep":{
      "p":0.0,
      "r":0.0,
      "f":0.0
    },
    "nummod":{
      "p":0.4923076923,
      "r":0.8767123288,
      "f":0.6305418719
    },
    "orphan":{
      "p":0.0285714286,
      "r":0.1142857143,
      "f":0.0457142857
    },
    "fixed":{
      "p":0.4,
      "r":0.75,
      "f":0.5217391304
    },
    "csubj:pass":{
      "p":0.25,
      "r":0.1428571429,
      "f":0.1818181818
    },
    "obl:agent":{
      "p":0.125,
      "r":0.3636363636,
      "f":0.1860465116
    },
    "vocative":{
      "p":0.320441989,
      "r":0.4084507042,
      "f":0.3591331269
    },
    "aux":{
      "p":0.0,
      "r":0.0,
      "f":0.0
    },
    "aux:pass":{
      "p":0.0,
      "r":0.0,
      "f":0.0
    },
    "flat:name":{
      "p":0.2941176471,
      "r":0.7142857143,
      "f":0.4166666667
    },
    "csubj":{
      "p":0.0,
      "r":0.0,
      "f":0.0
    }
  },
  "lemma_acc":0.8628520588,
  "speed":200.9149912214
}