{
  "token_acc":0.99976153,
  "token_p":0.9983307102,
  "token_r":0.9987117706,
  "token_f":0.998521204,
  "tag_acc":0.0,
  "pos_acc":0.7314070292,
  "morph_acc":0.6058552647,
  "morph_micro_p":0.8119617869,
  "morph_micro_r":0.938363753,
  "morph_micro_f":0.8705986312,
  "morph_per_feat":{
    "Mood":{
      "p":0.9524040797,
      "r":0.9510184287,
      "f":0.9517107498
    },
    "Number":{
      "p":0.9781742993,
      "r":0.9714785519,
      "f":0.9748149279
    },
    "Person":{
      "p":0.7930097087,
      "r":0.9497674419,
      "f":0.8643386243
    },
    "Tense":{
      "p":0.9350858369,
      "r":0.9350858369,
      "f":0.9350858369
    },
    "VerbForm":{
      "p":0.9710533369,
      "r":0.9728786251,
      "f":0.9719651241
    },
    "Voice":{
      "p":0.893776824,
      "r":0.893776824,
      "f":0.893776824
    },
    "Case":{
      "p":0.9559050823,
      "r":0.9488313329,
      "f":0.9523550725
    },
    "Gender":{
      "p":0.9062902336,
      "r":0.8913712012,
      "f":0.8987688098
    },
    "Definite":{
      "p":0.0,
      "r":0.0,
      "f":0.0
    },
    "PronType":{
      "p":0.0,
      "r":0.0,
      "f":0.0
    },
    "Aspect":{
      "p":0.332785988,
      "r":0.899408284,
      "f":0.4858170196
    },
    "Degree":{
      "p":0.0610119048,
      "r":0.8723404255,
      "f":0.1140472879
    },
    "Reflex":{
      "p":0.0,
      "r":0.0,
      "f":0.0
    },
    "Poss":{
      "p":0.0,
      "r":0.0,
      "f":0.0
    },
    "Polarity":{
      "p":0.0,
      "r":0.0,
      "f":0.0
    }
  },
  "sents_p":0.0385296723,
  "sents_r":0.0666156202,
  "sents_f":0.0488215488,
  "dep_uas":0.6635320289,
  "dep_las":0.5026162129,
  "dep_las_per_type":{
    "root":{
      "p":0.4615384615,
      "r":0.7993874426,
      "f":0.5852017937
    },
    "advmod":{
      "p":0.4714285714,
      "r":0.2820512821,
      "f":0.3529411765
    },
    "nsubj":{
      "p":0.661097852,
      "r":0.6201492537,
      "f":0.6399691952
    },
    "det":{
      "p":0.6970830217,
      "r":0.7786131997,
      "f":0.7355958958
    },
    "nmod":{
      "p":0.5917874396,
      "r":0.2175843694,
      "f":0.3181818182
    },
    "obj":{
      "p":0.6692975533,
      "r":0.561589404,
      "f":0.6107310047
    },
    "advcl":{
      "p":0.4949771689,
      "r":0.5430861723,
      "f":0.5179168657
    },
    "cc":{
      "p":0.38585209,
      "r":0.5521472393,
      "f":0.4542586751
    },
    "conj":{
      "p":0.5171052632,
      "r":0.5219123506,
      "f":0.5194976867
    },
    "amod":{
      "p":0.0898876404,
      "r":0.275862069,
      "f":0.1355932203
    },
    "cop":{
      "p":0.75,
      "r":0.7127659574,
      "f":0.7309090909
    },
    "obl":{
      "p":0.6248976249,
      "r":0.5473457676,
      "f":0.5835564054
    },
    "case":{
      "p":0.8591065292,
      "r":0.8662508663,
      "f":0.8626639061
    },
    "xcomp":{
      "p":0.4394299287,
      "r":0.3550863724,
      "f":0.3927813163
    },
    "csubj":{
      "p":0.0,
      "r":0.0,
      "f":0.0
    },
    "mark":{
      "p":0.7120622568,
      "r":0.5289017341,
      "f":0.6069651741
    },
    "ccomp":{
      "p":0.2697547684,
      "r":0.375,
      "f":0.3137876387
    },
    "discourse":{
      "p":0.0211009174,
      "r":0.696969697,
      "f":0.0409617097
    },
    "iobj":{
      "p":0.1159695817,
      "r":0.6161616162,
      "f":0.1952
    },
    "dep":{
      "p":0.0,
      "r":0.0,
      "f":0.0
    },
    "nsubj:pass":{
      "p":0.0,
      "r":0.0,
      "f":0.0
    },
    "acl":{
      "p":0.0952380952,
      "r":0.1818181818,
      "f":0.125
    },
    "orphan":{
      "p":0.0,
      "r":0.0,
      "f":0.0
    },
    "parataxis":{
      "p":0.0,
      "r":0.0,
      "f":0.0
    },
    "vocative":{
      "p":0.0826446281,
      "r":0.1234567901,
      "f":0.099009901
    },
    "appos":{
      "p":0.0153846154,
      "r":0.1379310345,
      "f":0.0276816609
    },
    "nummod":{
      "p":0.0178571429,
      "r":0.3333333333,
      "f":0.0338983051
    },
    "dislocated":{
      "p":0.0,
      "r":0.0,
      "f":0.0
    },
    "obl:agent":{
      "p":0.0,
      "r":0.0,
      "f":0.0
    },
    "csubj:pass":{
      "p":0.0,
      "r":0.0,
      "f":0.0
    },
    "fixed":{
      "p":0.0,
      "r":0.0,
      "f":0.0
    },
    "flat:name":{
      "p":0.0,
      "r":0.0,
      "f":0.0
    }
  },
  "lemma_acc":0.8099520527,
  "speed":222.1872311862
}