{
  "token_acc":1.0,
  "token_p":0.9981990095,
  "token_r":0.9990986931,
  "token_f":0.9986486486,
  "tag_acc":0.9773171098,
  "pos_acc":0.9761153673,
  "morph_acc":0.9284212108,
  "morph_micro_p":0.9752386972,
  "morph_micro_r":0.9755690029,
  "morph_micro_f":0.9754038221,
  "morph_per_feat":{
    "Case":{
      "p":0.9823823297,
      "r":0.9827699592,
      "f":0.9825761063
    },
    "Gender":{
      "p":0.9347940866,
      "r":0.939132741,
      "f":0.9369583912
    },
    "Number":{
      "p":0.9939881911,
      "r":0.9934549356,
      "f":0.9937214918
    },
    "Aspect":{
      "p":0.9712885154,
      "r":0.9719691661,
      "f":0.9716287215
    },
    "Mood":{
      "p":0.9783499122,
      "r":0.9737914968,
      "f":0.9760653824
    },
    "Person":{
      "p":0.9813191003,
      "r":0.9787072243,
      "f":0.980011422
    },
    "Tense":{
      "p":0.9733382031,
      "r":0.9726277372,
      "f":0.9729828405
    },
    "VerbForm":{
      "p":0.9919649379,
      "r":0.9908792412,
      "f":0.9914217923
    },
    "Voice":{
      "p":0.9707815924,
      "r":0.9700729927,
      "f":0.9704271632
    },
    "PronType":{
      "p":0.9819579018,
      "r":0.9829431438,
      "f":0.9824502758
    },
    "Degree":{
      "p":0.9438642298,
      "r":0.9463350785,
      "f":0.9450980392
    },
    "Definite":{
      "p":0.9927657206,
      "r":0.9938718663,
      "f":0.9933184855
    },
    "Reflex":{
      "p":1.0,
      "r":1.0,
      "f":1.0
    },
    "Polarity":{
      "p":0.995412844,
      "r":0.9819004525,
      "f":0.9886104784
    },
    "Poss":{
      "p":1.0,
      "r":0.9230769231,
      "f":0.96
    }
  },
  "sents_p":0.6290773532,
  "sents_r":0.6446991404,
  "sents_f":0.6367924528,
  "dep_uas":0.8141805618,
  "dep_las":0.7706925041,
  "dep_las_per_type":{
    "iobj":{
      "p":0.7168141593,
      "r":0.7414187643,
      "f":0.7289088864
    },
    "root":{
      "p":0.8080149115,
      "r":0.8280802292,
      "f":0.8179245283
    },
    "nsubj":{
      "p":0.7959427208,
      "r":0.7477578475,
      "f":0.7710982659
    },
    "advmod":{
      "p":0.7488151659,
      "r":0.6583333333,
      "f":0.7006651885
    },
    "advcl":{
      "p":0.6995073892,
      "r":0.7064676617,
      "f":0.702970297
    },
    "ccomp":{
      "p":0.6343283582,
      "r":0.524691358,
      "f":0.5743243243
    },
    "discourse":{
      "p":0.8296398892,
      "r":0.8239339752,
      "f":0.8267770876
    },
    "obj":{
      "p":0.8036286019,
      "r":0.8302094818,
      "f":0.81670282
    },
    "det":{
      "p":0.9364518976,
      "r":0.931110136,
      "f":0.9337733773
    },
    "nmod":{
      "p":0.7335984095,
      "r":0.7123552124,
      "f":0.722820764
    },
    "cop":{
      "p":0.7663551402,
      "r":0.7735849057,
      "f":0.7699530516
    },
    "appos":{
      "p":0.4607843137,
      "r":0.2865853659,
      "f":0.3533834586
    },
    "case":{
      "p":0.9702857143,
      "r":0.9658703072,
      "f":0.9680729761
    },
    "acl":{
      "p":0.5,
      "r":0.4573170732,
      "f":0.4777070064
    },
    "mark":{
      "p":0.8414096916,
      "r":0.8842592593,
      "f":0.8623024831
    },
    "obl":{
      "p":0.7251243781,
      "r":0.7324120603,
      "f":0.72875
    },
    "nsubj:pass":{
      "p":0.6851851852,
      "r":0.7789473684,
      "f":0.7290640394
    },
    "xcomp":{
      "p":0.612,
      "r":0.6375,
      "f":0.6244897959
    },
    "cc":{
      "p":0.6726368159,
      "r":0.6693069307,
      "f":0.6709677419
    },
    "conj":{
      "p":0.6066411239,
      "r":0.6168831169,
      "f":0.6117192531
    },
    "dislocated":{
      "p":0.02,
      "r":0.0357142857,
      "f":0.0256410256
    },
    "amod":{
      "p":0.7684729064,
      "r":0.7222222222,
      "f":0.7446300716
    },
    "parataxis":{
      "p":0.0,
      "r":0.0,
      "f":0.0
    },
    "dep":{
      "p":0.0,
      "r":0.0,
      "f":0.0
    },
    "nummod":{
      "p":0.9130434783,
      "r":0.9,
      "f":0.9064748201
    },
    "orphan":{
      "p":0.1428571429,
      "r":0.1142857143,
      "f":0.126984127
    },
    "fixed":{
      "p":0.8571428571,
      "r":0.75,
      "f":0.8
    },
    "csubj:pass":{
      "p":0.5,
      "r":0.1428571429,
      "f":0.2222222222
    },
    "obl:agent":{
      "p":0.5714285714,
      "r":0.3636363636,
      "f":0.4444444444
    },
    "vocative":{
      "p":0.7719298246,
      "r":0.7213114754,
      "f":0.7457627119
    },
    "aux":{
      "p":0.0,
      "r":0.0,
      "f":0.0
    },
    "aux:pass":{
      "p":0.0,
      "r":0.0,
      "f":0.0
    },
    "flat:name":{
      "p":0.8333333333,
      "r":0.7142857143,
      "f":0.7692307692
    }
  },
  "lemma_acc":0.9442192192,
  "speed":215.0610791249
}