{"token_acc": 1.0, "tag_acc": 0.44696991801126246, "pos_acc": 0.8687888425291045, "morph_acc": 0.7286201966562599, "lemma_acc": 0.8608233886732997, "dep_uas": 0.4320496349450067, "dep_las": 0.3684391940588475, "sents_p": 0.5, "sents_r": 0.3333333333333333, "sents_f": 0.4}