{"token_acc": 1.0, "tag_acc": 0.11260079202252016, "pos_acc": 0.8049525263609905, "morph_acc": 0.614914833722983, "lemma_acc": 0.2451929958490386, "dep_uas": 0.33050163987311143, "dep_las": 0.2424861551696328, "sents_p": 0.0, "sents_r": 0.0, "sents_f": 0.0}