{"token_acc": 1.0, "tag_acc": 0.97333633768965, "pos_acc": 0.9695057833859095, "morph_acc": 0.9076160432627309, "lemma_acc": 0.16599068649541834, "dep_uas": 0.5760853237193931, "dep_las": 0.5457413249211357, "sents_p": 0.5, "sents_r": 0.3333333333333333, "sents_f": 0.4}