{
  "token_acc":0.9999416535,
  "token_p":0.9995332283,
  "token_r":0.9996790476,
  "token_f":0.9996061327,
  "tag_acc":0.5194608158,
  "pos_acc":0.8711065723,
  "morph_acc":0.7742311957,
  "morph_micro_p":0.95020219,
  "morph_micro_r":0.8737870162,
  "morph_micro_f":0.9103939142,
  "morph_per_feat":{
    "Case":{
      "p":0.9513058401,
      "r":0.9494219653,
      "f":0.9503629691
    },
    "Gender":{
      "p":0.9043916564,
      "r":0.906920471,
      "f":0.9056542984
    },
    "Number":{
      "p":0.9817679312,
      "r":0.9802385615,
      "f":0.9810026503
    },
    "Aspect":{
      "p":0.9288354898,
      "r":0.4778887304,
      "f":0.6310832025
    },
    "Mood":{
      "p":0.9541721854,
      "r":0.9531622122,
      "f":0.9536669314
    },
    "Person":{
      "p":0.961737332,
      "r":0.7782426778,
      "f":0.8603145236
    },
    "Tense":{
      "p":0.9476197812,
      "r":0.9509894867,
      "f":0.9493016436
    },
    "VerbForm":{
      "p":0.9702665229,
      "r":0.9741686002,
      "f":0.9722136462
    },
    "Voice":{
      "p":0.948544138,
      "r":0.9519171305,
      "f":0.950227641
    },
    "PronType":{
      "p":0.0,
      "r":0.0,
      "f":0.0
    },
    "Degree":{
      "p":0.8256880734,
      "r":0.1048951049,
      "f":0.1861427094
    },
    "Definite":{
      "p":0.0,
      "r":0.0,
      "f":0.0
    },
    "Reflex":{
      "p":0.0,
      "r":0.0,
      "f":0.0
    },
    "Polarity":{
      "p":0.0,
      "r":0.0,
      "f":0.0
    },
    "Poss":{
      "p":0.0,
      "r":0.0,
      "f":0.0
    }
  },
  "sents_p":0.9154829545,
  "sents_r":0.5478113047,
  "sents_f":0.6854559957,
  "dep_uas":0.7046469712,
  "dep_las":0.6010939239,
  "dep_las_per_type":{
    "iobj":{
      "p":0.5408560311,
      "r":0.2593283582,
      "f":0.3505674653
    },
    "root":{
      "p":0.9375886525,
      "r":0.5618359541,
      "f":0.7026308796
    },
    "nsubj":{
      "p":0.6124488869,
      "r":0.6039426523,
      "f":0.6081660275
    },
    "advmod":{
      "p":0.5099090697,
      "r":0.6639344262,
      "f":0.5768165634
    },
    "advcl":{
      "p":0.5160938352,
      "r":0.5908806996,
      "f":0.5509609785
    },
    "ccomp":{
      "p":0.3075471698,
      "r":0.382629108,
      "f":0.3410041841
    },
    "discourse":{
      "p":0.0,
      "r":0.0,
      "f":0.0
    },
    "obj":{
      "p":0.5292747838,
      "r":0.6582540339,
      "f":0.5867600959
    },
    "det":{
      "p":0.8539089848,
      "r":0.7830087738,
      "f":0.8169234204
    },
    "nmod":{
      "p":0.4357894737,
      "r":0.597833935,
      "f":0.504109589
    },
    "cop":{
      "p":0.6088560886,
      "r":0.6680161943,
      "f":0.6370656371
    },
    "appos":{
      "p":0.1914893617,
      "r":0.0466321244,
      "f":0.075
    },
    "case":{
      "p":0.9059080963,
      "r":0.8914728682,
      "f":0.8986325157
    },
    "acl":{
      "p":0.2638888889,
      "r":0.2567567568,
      "f":0.2602739726
    },
    "mark":{
      "p":0.7393292683,
      "r":0.8629893238,
      "f":0.7963875205
    },
    "obl":{
      "p":0.6343635411,
      "r":0.5529680365,
      "f":0.5908758234
    },
    "nsubj:pass":{
      "p":0.0,
      "r":0.0,
      "f":0.0
    },
    "xcomp":{
      "p":0.3740458015,
      "r":0.3219448095,
      "f":0.3460451977
    },
    "cc":{
      "p":0.4454244763,
      "r":0.4861612515,
      "f":0.4649021864
    },
    "conj":{
      "p":0.4571269488,
      "r":0.5390676297,
      "f":0.4947273275
    },
    "dislocated":{
      "p":0.0,
      "r":0.0,
      "f":0.0
    },
    "amod":{
      "p":0.3263157895,
      "r":0.0858725762,
      "f":0.1359649123
    },
    "parataxis":{
      "p":0.1666666667,
      "r":0.1379310345,
      "f":0.1509433962
    },
    "nummod":{
      "p":0.1851851852,
      "r":0.0684931507,
      "f":0.1
    },
    "csubj:pass":{
      "p":0.0,
      "r":0.0,
      "f":0.0
    },
    "obl:agent":{
      "p":0.0,
      "r":0.0,
      "f":0.0
    },
    "orphan":{
      "p":0.0,
      "r":0.0,
      "f":0.0
    },
    "vocative":{
      "p":0.5445544554,
      "r":0.3873239437,
      "f":0.4526748971
    },
    "csubj":{
      "p":0.3902439024,
      "r":0.4102564103,
      "f":0.4
    },
    "aux":{
      "p":0.0,
      "r":0.0,
      "f":0.0
    },
    "aux:pass":{
      "p":0.0,
      "r":0.0,
      "f":0.0
    },
    "flat:name":{
      "p":0.0,
      "r":0.0,
      "f":0.0
    },
    "fixed":{
      "p":0.0,
      "r":0.0,
      "f":0.0
    }
  },
  "lemma_acc":0.874090067,
  "speed":27.6153576066
}