{
  "token_acc":0.9999522878,
  "token_p":0.9998568634,
  "token_r":0.9998568634,
  "token_f":0.9998568634,
  "tag_acc":0.8496039698,
  "pos_acc":0.910487642,
  "morph_acc":0.9103444985,
  "morph_micro_p":0.9527924624,
  "morph_micro_r":0.9493848038,
  "morph_micro_f":0.9510855808,
  "morph_per_feat":{
    "Mood":{
      "p":0.9628736741,
      "r":0.9684772066,
      "f":0.9656673114
    },
    "Number":{
      "p":0.9785561661,
      "r":0.9752814116,
      "f":0.9769160445
    },
    "Person":{
      "p":0.9543707973,
      "r":0.9241860465,
      "f":0.9390359168
    },
    "Tense":{
      "p":0.9430481283,
      "r":0.946083691,
      "f":0.9445634708
    },
    "VerbForm":{
      "p":0.9684491979,
      "r":0.9726100967,
      "f":0.9705251876
    },
    "Voice":{
      "p":0.9711229947,
      "r":0.974248927,
      "f":0.9726834494
    },
    "Case":{
      "p":0.9522902494,
      "r":0.9474776645,
      "f":0.9498778612
    },
    "Gender":{
      "p":0.9142857143,
      "r":0.9117221418,
      "f":0.9130021285
    },
    "Aspect":{
      "p":0.9327217125,
      "r":0.9023668639,
      "f":0.9172932331
    },
    "Degree":{
      "p":0.835443038,
      "r":0.7021276596,
      "f":0.7630057803
    }
  },
  "sents_p":0.9930822444,
  "sents_r":0.989280245,
  "sents_f":0.9911775988,
  "dep_uas":0.7869354839,
  "dep_las":0.7182258065,
  "dep_las_per_type":{
    "root":{
      "p":0.9409056025,
      "r":0.9387442573,
      "f":0.9398236872
    },
    "advmod":{
      "p":0.6621135873,
      "r":0.7156177156,
      "f":0.6878267364
    },
    "nsubj":{
      "p":0.7254901961,
      "r":0.7179104478,
      "f":0.7216804201
    },
    "det":{
      "p":0.870751154,
      "r":0.8667502089,
      "f":0.8687460749
    },
    "nmod":{
      "p":0.6333486872,
      "r":0.6105683837,
      "f":0.6217499435
    },
    "obj":{
      "p":0.6084441874,
      "r":0.6966887417,
      "f":0.6495832047
    },
    "advcl":{
      "p":0.6774500476,
      "r":0.7134268537,
      "f":0.6949731576
    },
    "cc":{
      "p":0.6156812339,
      "r":0.7346625767,
      "f":0.6699300699
    },
    "conj":{
      "p":0.6706192358,
      "r":0.6759628154,
      "f":0.6732804233
    },
    "amod":{
      "p":0.4590163934,
      "r":0.1931034483,
      "f":0.2718446602
    },
    "cop":{
      "p":0.7244897959,
      "r":0.7553191489,
      "f":0.7395833333
    },
    "obl":{
      "p":0.7071729958,
      "r":0.6011477762,
      "f":0.6498642885
    },
    "case":{
      "p":0.8953974895,
      "r":0.8898128898,
      "f":0.8925964546
    },
    "xcomp":{
      "p":0.4365482234,
      "r":0.330134357,
      "f":0.3759562842
    },
    "csubj":{
      "p":0.5161290323,
      "r":0.4102564103,
      "f":0.4571428571
    },
    "mark":{
      "p":0.8908554572,
      "r":0.8728323699,
      "f":0.8817518248
    },
    "ccomp":{
      "p":0.6069868996,
      "r":0.5265151515,
      "f":0.5638945233
    },
    "iobj":{
      "p":0.3975903614,
      "r":0.3333333333,
      "f":0.3626373626
    },
    "acl":{
      "p":0.4615384615,
      "r":0.3636363636,
      "f":0.406779661
    },
    "discourse":{
      "p":0.0,
      "r":0.0,
      "f":0.0
    },
    "vocative":{
      "p":0.5125,
      "r":0.5061728395,
      "f":0.5093167702
    },
    "parataxis":{
      "p":0.1666666667,
      "r":0.4444444444,
      "f":0.2424242424
    },
    "appos":{
      "p":0.2,
      "r":0.275862069,
      "f":0.231884058
    },
    "nummod":{
      "p":0.05,
      "r":0.3333333333,
      "f":0.0869565217
    }
  },
  "lemma_acc":0.8757783238,
  "speed":33.2569102616
}