{
  "token_acc":0.9999249193,
  "token_p":0.9990239507,
  "token_r":0.9993991287,
  "token_f":0.9992115045,
  "tag_acc":0.0,
  "pos_acc":0.8092680912,
  "morph_acc":0.5600030039,
  "morph_micro_p":0.946591249,
  "morph_micro_r":0.7859691113,
  "morph_micro_f":0.8588347047,
  "morph_per_feat":{
    "Case":{
      "p":0.9498819208,
      "r":0.9522556885,
      "f":0.9510673235
    },
    "Gender":{
      "p":0.8900839454,
      "r":0.8998806524,
      "f":0.8949554896
    },
    "Number":{
      "p":0.986279344,
      "r":0.9872317597,
      "f":0.986755322
    },
    "Aspect":{
      "p":0.9228971963,
      "r":0.2768044849,
      "f":0.4258760108
    },
    "Mood":{
      "p":0.9435626102,
      "r":0.9347699476,
      "f":0.9391456992
    },
    "Person":{
      "p":0.970324748,
      "r":0.6589353612,
      "f":0.7848731884
    },
    "Tense":{
      "p":0.9538349691,
      "r":0.9576642336,
      "f":0.9557457658
    },
    "VerbForm":{
      "p":0.9727371865,
      "r":0.976286027,
      "f":0.9745083758
    },
    "Voice":{
      "p":0.9178480553,
      "r":0.9215328467,
      "f":0.9196867602
    },
    "PronType":{
      "p":0.0,
      "r":0.0,
      "f":0.0
    },
    "Degree":{
      "p":0.8,
      "r":0.0314136126,
      "f":0.0604534005
    },
    "Definite":{
      "p":0.0,
      "r":0.0,
      "f":0.0
    },
    "Reflex":{
      "p":0.0,
      "r":0.0,
      "f":0.0
    },
    "Polarity":{
      "p":0.0,
      "r":0.0,
      "f":0.0
    },
    "Poss":{
      "p":0.0,
      "r":0.0,
      "f":0.0
    }
  },
  "sents_p":0.0092592593,
  "sents_r":0.0009551098,
  "sents_f":0.0017316017,
  "dep_uas":0.5899642924,
  "dep_las":0.4378546999,
  "dep_las_per_type":{
    "iobj":{
      "p":0.6091954023,
      "r":0.2425629291,
      "f":0.3469721768
    },
    "root":{
      "p":0.9074074074,
      "r":0.0936007641,
      "f":0.1696969697
    },
    "nsubj":{
      "p":0.442791762,
      "r":0.4338565022,
      "f":0.4382785957
    },
    "advmod":{
      "p":0.2294973545,
      "r":0.4819444444,
      "f":0.3109318996
    },
    "advcl":{
      "p":0.3008962868,
      "r":0.3897180763,
      "f":0.3395953757
    },
    "ccomp":{
      "p":0.0797342193,
      "r":0.1481481481,
      "f":0.1036717063
    },
    "discourse":{
      "p":0.0,
      "r":0.0,
      "f":0.0
    },
    "obj":{
      "p":0.422745098,
      "r":0.5942668137,
      "f":0.4940421632
    },
    "det":{
      "p":0.8328954283,
      "r":0.6954804739,
      "f":0.7580105213
    },
    "nmod":{
      "p":0.1740196078,
      "r":0.5482625483,
      "f":0.2641860465
    },
    "cop":{
      "p":0.4717741935,
      "r":0.5518867925,
      "f":0.5086956522
    },
    "appos":{
      "p":0.1428571429,
      "r":0.006097561,
      "f":0.0116959064
    },
    "case":{
      "p":0.9236192714,
      "r":0.8941979522,
      "f":0.9086705202
    },
    "acl":{
      "p":0.1475409836,
      "r":0.1646341463,
      "f":0.1556195965
    },
    "mark":{
      "p":0.5772870662,
      "r":0.8472222222,
      "f":0.6866791745
    },
    "obl":{
      "p":0.5151933702,
      "r":0.4685929648,
      "f":0.4907894737
    },
    "nsubj:pass":{
      "p":0.0,
      "r":0.0,
      "f":0.0
    },
    "xcomp":{
      "p":0.2807692308,
      "r":0.3041666667,
      "f":0.292
    },
    "cc":{
      "p":0.3184898354,
      "r":0.3257425743,
      "f":0.3220753793
    },
    "conj":{
      "p":0.2989392478,
      "r":0.4025974026,
      "f":0.3431101273
    },
    "dislocated":{
      "p":0.0,
      "r":0.0,
      "f":0.0
    },
    "amod":{
      "p":0.0909090909,
      "r":0.0138888889,
      "f":0.0240963855
    },
    "parataxis":{
      "p":0.0,
      "r":0.0,
      "f":0.0
    },
    "nummod":{
      "p":0.5714285714,
      "r":0.0571428571,
      "f":0.1038961039
    },
    "csubj:pass":{
      "p":0.0,
      "r":0.0,
      "f":0.0
    },
    "obl:agent":{
      "p":0.0,
      "r":0.0,
      "f":0.0
    },
    "orphan":{
      "p":0.0,
      "r":0.0,
      "f":0.0
    },
    "vocative":{
      "p":0.6666666667,
      "r":0.2295081967,
      "f":0.3414634146
    },
    "csubj":{
      "p":0.0,
      "r":0.0,
      "f":0.0
    },
    "aux":{
      "p":0.0,
      "r":0.0,
      "f":0.0
    },
    "aux:pass":{
      "p":0.0,
      "r":0.0,
      "f":0.0
    },
    "flat:name":{
      "p":0.0,
      "r":0.0,
      "f":0.0
    },
    "fixed":{
      "p":0.0,
      "r":0.0,
      "f":0.0
    }
  },
  "lemma_acc":0.8713577651,
  "speed":21.6902905904
}