{
  "token_acc":0.9283927455,
  "token_p":0.9283927455,
  "token_r":0.8662795787,
  "token_f":0.8962613014,
  "tag_acc":0.4069227522,
  "pos_acc":0.8066851148,
  "morph_acc":0.6762659663,
  "morph_micro_p":0.8780330093,
  "morph_micro_r":0.8652112602,
  "morph_micro_f":0.8715749821,
  "morph_per_feat":{
    "Case":{
      "p":0.9605393731,
      "r":0.8807000642,
      "f":0.9188887338
    },
    "Gender":{
      "p":0.9098629495,
      "r":0.8353497876,
      "f":0.871015671
    },
    "Number":{
      "p":0.9826339352,
      "r":0.8889976856,
      "f":0.9334735366
    },
    "Aspect":{
      "p":0.6546029515,
      "r":0.8858773181,
      "f":0.7528793696
    },
    "Mood":{
      "p":0.9577067669,
      "r":0.8089441651,
      "f":0.8770621145
    },
    "Person":{
      "p":0.8937541676,
      "r":0.8412133891,
      "f":0.8666882207
    },
    "Tense":{
      "p":0.9585335469,
      "r":0.8327149041,
      "f":0.8912054273
    },
    "VerbForm":{
      "p":0.9750845346,
      "r":0.8474864656,
      "f":0.9068189341
    },
    "Voice":{
      "p":0.9419825592,
      "r":0.8183364255,
      "f":0.8758169935
    },
    "PronType":{
      "p":0.4868508655,
      "r":0.9782608696,
      "f":0.6501444766
    },
    "Degree":{
      "p":0.4102697095,
      "r":0.9219114219,
      "f":0.567839196
    },
    "Definite":{
      "p":0.4287088242,
      "r":0.9933147632,
      "f":0.5989250924
    },
    "Reflex":{
      "p":0.6052631579,
      "r":1.0,
      "f":0.7540983607
    },
    "Polarity":{
      "p":0.9906103286,
      "r":0.9547511312,
      "f":0.9723502304
    },
    "Poss":{
      "p":0.4444444444,
      "r":0.9230769231,
      "f":0.6
    }
  },
  "sents_p":0.4804521903,
  "sents_r":0.4334891628,
  "sents_f":0.4557640751,
  "dep_uas":0.6129622963,
  "dep_las":0.531764043,
  "dep_las_per_type":{
    "iobj":{
      "p":0.4473067916,
      "r":0.7126865672,
      "f":0.5496402878
    },
    "root":{
      "p":0.7590491626,
      "r":0.5971100722,
      "f":0.6684110371
    },
    "nsubj":{
      "p":0.6662824207,
      "r":0.517921147,
      "f":0.5828081674
    },
    "advmod":{
      "p":0.6257668712,
      "r":0.2786885246,
      "f":0.3856332703
    },
    "advcl":{
      "p":0.6173979985,
      "r":0.5009369144,
      "f":0.5531034483
    },
    "ccomp":{
      "p":0.4328767123,
      "r":0.3708920188,
      "f":0.399494311
    },
    "discourse":{
      "p":0.4463235294,
      "r":0.7986842105,
      "f":0.5726415094
    },
    "obj":{
      "p":0.6670276123,
      "r":0.5097227969,
      "f":0.5778611632
    },
    "det":{
      "p":0.7903154154,
      "r":0.7613952493,
      "f":0.7755858311
    },
    "nmod":{
      "p":0.5939177102,
      "r":0.2397111913,
      "f":0.341563786
    },
    "cop":{
      "p":0.7204301075,
      "r":0.5425101215,
      "f":0.6189376443
    },
    "appos":{
      "p":0.1916932907,
      "r":0.310880829,
      "f":0.2371541502
    },
    "case":{
      "p":0.8939617084,
      "r":0.7842377261,
      "f":0.8355127323
    },
    "acl":{
      "p":0.3462783172,
      "r":0.3614864865,
      "f":0.3537190083
    },
    "mark":{
      "p":0.8271889401,
      "r":0.6387900356,
      "f":0.7208835341
    },
    "obl":{
      "p":0.6582756451,
      "r":0.4776255708,
      "f":0.5535856047
    },
    "nsubj:pass":{
      "p":0.4162162162,
      "r":0.8105263158,
      "f":0.55
    },
    "xcomp":{
      "p":0.5655172414,
      "r":0.3232588699,
      "f":0.4113712375
    },
    "cc":{
      "p":0.5379713224,
      "r":0.6095066185,
      "f":0.5715091678
    },
    "conj":{
      "p":0.5308385308,
      "r":0.5029546947,
      "f":0.5165205664
    },
    "dislocated":{
      "p":0.375,
      "r":0.1071428571,
      "f":0.1666666667
    },
    "amod":{
      "p":0.3128834356,
      "r":0.5650969529,
      "f":0.4027640671
    },
    "parataxis":{
      "p":0.1,
      "r":0.0344827586,
      "f":0.0512820513
    },
    "obl:agent":{
      "p":0.2093023256,
      "r":0.4090909091,
      "f":0.2769230769
    },
    "nummod":{
      "p":0.5161290323,
      "r":0.8767123288,
      "f":0.6497461929
    },
    "csubj:pass":{
      "p":0.1818181818,
      "r":0.2857142857,
      "f":0.2222222222
    },
    "orphan":{
      "p":0.1612903226,
      "r":0.1428571429,
      "f":0.1515151515
    },
    "vocative":{
      "p":0.5641025641,
      "r":0.3098591549,
      "f":0.4
    },
    "aux":{
      "p":0.0,
      "r":0.0,
      "f":0.0
    },
    "aux:pass":{
      "p":0.0,
      "r":0.0,
      "f":0.0
    },
    "flat:name":{
      "p":0.6,
      "r":0.8571428571,
      "f":0.7058823529
    },
    "fixed":{
      "p":0.4545454545,
      "r":0.625,
      "f":0.5263157895
    },
    "csubj":{
      "p":0.0,
      "r":0.0,
      "f":0.0
    }
  },
  "lemma_acc":0.816534559,
  "speed":29.1422497039
}