{
  "token_acc":0.8768356737,
  "token_p":0.8768356737,
  "token_r":0.7805715922,
  "token_f":0.8259080698,
  "tag_acc":0.0,
  "pos_acc":0.6873174522,
  "morph_acc":0.5013531981,
  "morph_micro_p":0.794472573,
  "morph_micro_r":0.7716484926,
  "morph_micro_f":0.7828942179,
  "morph_per_feat":{
    "Mood":{
      "p":0.9402882636,
      "r":0.6644034918,
      "f":0.7786302927
    },
    "Number":{
      "p":0.9749022461,
      "r":0.8154091877,
      "f":0.8880513564
    },
    "Person":{
      "p":0.7750401714,
      "r":0.6730232558,
      "f":0.7204381379
    },
    "Tense":{
      "p":0.9369337979,
      "r":0.7212982833,
      "f":0.8150954835
    },
    "VerbForm":{
      "p":0.9602787456,
      "r":0.7400644468,
      "f":0.8359114346
    },
    "Voice":{
      "p":0.9285714286,
      "r":0.714860515,
      "f":0.8078205517
    },
    "Case":{
      "p":0.9473629024,
      "r":0.8153596246,
      "f":0.8764186633
    },
    "Gender":{
      "p":0.8938947368,
      "r":0.768089725,
      "f":0.8262307842
    },
    "Definite":{
      "p":0.0,
      "r":0.0,
      "f":0.0
    },
    "PronType":{
      "p":0.0,
      "r":0.0,
      "f":0.0
    },
    "Degree":{
      "p":0.058008658,
      "r":0.7127659574,
      "f":0.1072858287
    },
    "Aspect":{
      "p":0.3254985755,
      "r":0.676035503,
      "f":0.4394230769
    },
    "Reflex":{
      "p":0.0,
      "r":0.0,
      "f":0.0
    },
    "Poss":{
      "p":0.0,
      "r":0.0,
      "f":0.0
    },
    "Polarity":{
      "p":0.0,
      "r":0.0,
      "f":0.0
    }
  },
  "sents_p":0.4088050314,
  "sents_r":0.3483920368,
  "sents_f":0.3761885076,
  "dep_uas":0.4675094613,
  "dep_las":0.3573019835,
  "dep_las_per_type":{
    "root":{
      "p":0.7097532315,
      "r":0.4624808576,
      "f":0.5600370885
    },
    "advmod":{
      "p":0.5295566502,
      "r":0.1670551671,
      "f":0.2539870053
    },
    "nsubj":{
      "p":0.5601415094,
      "r":0.3544776119,
      "f":0.4341864717
    },
    "det":{
      "p":0.6502262443,
      "r":0.6002506266,
      "f":0.6242397915
    },
    "nmod":{
      "p":0.4667774086,
      "r":0.1247779751,
      "f":0.1969166083
    },
    "obj":{
      "p":0.5325842697,
      "r":0.3139072848,
      "f":0.395
    },
    "advcl":{
      "p":0.5263157895,
      "r":0.3607214429,
      "f":0.4280618312
    },
    "cc":{
      "p":0.419506463,
      "r":0.5475460123,
      "f":0.4750499002
    },
    "conj":{
      "p":0.4488054608,
      "r":0.3492695883,
      "f":0.3928304705
    },
    "amod":{
      "p":0.0805687204,
      "r":0.2344827586,
      "f":0.1199294533
    },
    "cop":{
      "p":0.6451612903,
      "r":0.3546099291,
      "f":0.4576659039
    },
    "obl":{
      "p":0.5792141952,
      "r":0.3278335725,
      "f":0.4186898763
    },
    "case":{
      "p":0.8402777778,
      "r":0.6708246708,
      "f":0.7460500963
    },
    "xcomp":{
      "p":0.4694835681,
      "r":0.1919385797,
      "f":0.272479564
    },
    "csubj":{
      "p":0.0,
      "r":0.0,
      "f":0.0
    },
    "mark":{
      "p":0.802955665,
      "r":0.4710982659,
      "f":0.5938069217
    },
    "ccomp":{
      "p":0.375,
      "r":0.2954545455,
      "f":0.3305084746
    },
    "discourse":{
      "p":0.0063694268,
      "r":0.1212121212,
      "f":0.0121028744
    },
    "iobj":{
      "p":0.1189873418,
      "r":0.4747474747,
      "f":0.1902834008
    },
    "orphan":{
      "p":0.0,
      "r":0.0,
      "f":0.0
    },
    "acl":{
      "p":0.1310344828,
      "r":0.1439393939,
      "f":0.1371841155
    },
    "appos":{
      "p":0.0052631579,
      "r":0.0344827586,
      "f":0.0091324201
    },
    "nsubj:pass":{
      "p":0.0,
      "r":0.0,
      "f":0.0
    },
    "vocative":{
      "p":0.1904761905,
      "r":0.049382716,
      "f":0.0784313725
    },
    "nummod":{
      "p":0.0,
      "r":0.0,
      "f":0.0
    },
    "obl:agent":{
      "p":0.0,
      "r":0.0,
      "f":0.0
    },
    "parataxis":{
      "p":0.0,
      "r":0.0,
      "f":0.0
    },
    "csubj:pass":{
      "p":0.0,
      "r":0.0,
      "f":0.0
    },
    "fixed":{
      "p":0.0,
      "r":0.0,
      "f":0.0
    },
    "flat:name":{
      "p":0.0,
      "r":0.0,
      "f":0.0
    },
    "aux:pass":{
      "p":0.0,
      "r":0.0,
      "f":0.0
    },
    "dislocated":{
      "p":0.0,
      "r":0.0,
      "f":0.0
    }
  },
  "lemma_acc":0.7055387336,
  "speed":27.551760701
}