{
  "token_acc":1.0,
  "token_p":1.0,
  "token_r":1.0,
  "token_f":1.0,
  "tag_acc":0.9774673276,
  "pos_acc":0.9738621,
  "morph_acc":0.9219618447,
  "morph_micro_p":0.9728881665,
  "morph_micro_r":0.9731078396,
  "morph_micro_f":0.9729979907,
  "morph_per_feat":{
    "Case":{
      "p":0.9781550204,
      "r":0.9776404051,
      "f":0.977897645
    },
    "Gender":{
      "p":0.9296462513,
      "r":0.9339610131,
      "f":0.9317986373
    },
    "Number":{
      "p":0.9923827915,
      "r":0.9924892704,
      "f":0.9924360281
    },
    "Aspect":{
      "p":0.9791086351,
      "r":0.9852838122,
      "f":0.9821865176
    },
    "Mood":{
      "p":0.9738675958,
      "r":0.9767035527,
      "f":0.9752835126
    },
    "Person":{
      "p":0.9786259542,
      "r":0.974904943,
      "f":0.9767619048
    },
    "Tense":{
      "p":0.9828279138,
      "r":0.9817518248,
      "f":0.9822895746
    },
    "VerbForm":{
      "p":0.9912312751,
      "r":0.9897847501,
      "f":0.9905074845
    },
    "Voice":{
      "p":0.9572524662,
      "r":0.9562043796,
      "f":0.9567281358
    },
    "PronType":{
      "p":0.9848484848,
      "r":0.9782608696,
      "f":0.9815436242
    },
    "Degree":{
      "p":0.9402597403,
      "r":0.9476439791,
      "f":0.9439374185
    },
    "Definite":{
      "p":0.9894561598,
      "r":0.9933147632,
      "f":0.991381707
    },
    "Reflex":{
      "p":1.0,
      "r":1.0,
      "f":1.0
    },
    "Polarity":{
      "p":0.9952830189,
      "r":0.9547511312,
      "f":0.974595843
    },
    "Poss":{
      "p":0.9230769231,
      "r":0.9230769231,
      "f":0.9230769231
    }
  },
  "sents_p":0.5534274194,
  "sents_r":0.5243553009,
  "sents_f":0.5384992643,
  "dep_uas":0.8150818687,
  "dep_las":0.7748234941,
  "dep_las_per_type":{
    "iobj":{
      "p":0.7188841202,
      "r":0.766590389,
      "f":0.7419712071
    },
    "root":{
      "p":0.7993951613,
      "r":0.7574021012,
      "f":0.7778322707
    },
    "nsubj":{
      "p":0.7664804469,
      "r":0.769058296,
      "f":0.7677672076
    },
    "advmod":{
      "p":0.7387944359,
      "r":0.6638888889,
      "f":0.699341624
    },
    "advcl":{
      "p":0.6993569132,
      "r":0.7213930348,
      "f":0.7102040816
    },
    "ccomp":{
      "p":0.5263157895,
      "r":0.4938271605,
      "f":0.5095541401
    },
    "discourse":{
      "p":0.8305785124,
      "r":0.8294360385,
      "f":0.8300068823
    },
    "obj":{
      "p":0.7960042061,
      "r":0.8346196251,
      "f":0.8148546825
    },
    "det":{
      "p":0.9280418666,
      "r":0.9337428697,
      "f":0.9308836395
    },
    "nmod":{
      "p":0.7408123791,
      "r":0.7393822394,
      "f":0.7400966184
    },
    "cop":{
      "p":0.7720930233,
      "r":0.7830188679,
      "f":0.7775175644
    },
    "appos":{
      "p":0.5084745763,
      "r":0.3658536585,
      "f":0.4255319149
    },
    "case":{
      "p":0.9617117117,
      "r":0.9715585893,
      "f":0.9666100736
    },
    "acl":{
      "p":0.5714285714,
      "r":0.5365853659,
      "f":0.5534591195
    },
    "mark":{
      "p":0.8628318584,
      "r":0.9027777778,
      "f":0.8823529412
    },
    "obl":{
      "p":0.7313432836,
      "r":0.7386934673,
      "f":0.735
    },
    "nsubj:pass":{
      "p":0.6936936937,
      "r":0.8105263158,
      "f":0.7475728155
    },
    "xcomp":{
      "p":0.6666666667,
      "r":0.6166666667,
      "f":0.6406926407
    },
    "cc":{
      "p":0.6360116167,
      "r":0.6504950495,
      "f":0.6431718062
    },
    "conj":{
      "p":0.5843091335,
      "r":0.6480519481,
      "f":0.6145320197
    },
    "dislocated":{
      "p":0.5,
      "r":0.1071428571,
      "f":0.1764705882
    },
    "amod":{
      "p":0.7307692308,
      "r":0.7916666667,
      "f":0.76
    },
    "parataxis":{
      "p":0.3333333333,
      "r":0.05,
      "f":0.0869565217
    },
    "obl:agent":{
      "p":0.6923076923,
      "r":0.4090909091,
      "f":0.5142857143
    },
    "nummod":{
      "p":0.8101265823,
      "r":0.9142857143,
      "f":0.8590604027
    },
    "csubj:pass":{
      "p":0.5,
      "r":0.2857142857,
      "f":0.3636363636
    },
    "orphan":{
      "p":0.25,
      "r":0.1428571429,
      "f":0.1818181818
    },
    "vocative":{
      "p":0.701754386,
      "r":0.6557377049,
      "f":0.6779661017
    },
    "aux":{
      "p":0.0,
      "r":0.0,
      "f":0.0
    },
    "aux:pass":{
      "p":0.0,
      "r":0.0,
      "f":0.0
    },
    "flat:name":{
      "p":1.0,
      "r":0.8571428571,
      "f":0.9230769231
    },
    "fixed":{
      "p":1.0,
      "r":0.625,
      "f":0.7692307692
    }
  },
  "lemma_acc":0.9721345952,
  "speed":30.434485922
}