{
  "token_acc":0.9998541976,
  "token_p":0.9982795323,
  "token_r":0.998862078,
  "token_f":0.9985707202,
  "tag_acc":0.9165827679,
  "pos_acc":0.9592319141,
  "morph_acc":0.9198803531,
  "morph_micro_p":0.9646628289,
  "morph_micro_r":0.9609547188,
  "morph_micro_f":0.9628052035,
  "morph_per_feat":{
    "Case":{
      "p":0.9681377826,
      "r":0.962748876,
      "f":0.9654358094
    },
    "Gender":{
      "p":0.9272344787,
      "r":0.9243426359,
      "f":0.925786299
    },
    "Number":{
      "p":0.9848742504,
      "r":0.9795264376,
      "f":0.9821930647
    },
    "Aspect":{
      "p":0.938547486,
      "r":0.9586305278,
      "f":0.94848271
    },
    "Mood":{
      "p":0.9707990443,
      "r":0.9677163271,
      "f":0.9692552346
    },
    "Person":{
      "p":0.97144066,
      "r":0.9606694561,
      "f":0.9660250342
    },
    "Tense":{
      "p":0.958494657,
      "r":0.956864564,
      "f":0.9576789168
    },
    "VerbForm":{
      "p":0.9821898715,
      "r":0.980974478,
      "f":0.9815817985
    },
    "Voice":{
      "p":0.9708843116,
      "r":0.9692331478,
      "f":0.9700580271
    },
    "PronType":{
      "p":0.9807627405,
      "r":0.9719063545,
      "f":0.9763144633
    },
    "Degree":{
      "p":0.9184149184,
      "r":0.9184149184,
      "f":0.9184149184
    },
    "Definite":{
      "p":0.9921787709,
      "r":0.9894150418,
      "f":0.9907949791
    },
    "Reflex":{
      "p":1.0,
      "r":1.0,
      "f":1.0
    },
    "Polarity":{
      "p":0.9954545455,
      "r":0.9909502262,
      "f":0.9931972789
    },
    "Poss":{
      "p":0.9166666667,
      "r":0.8461538462,
      "f":0.88
    }
  },
  "sents_p":0.7957032833,
  "sents_r":0.8342541436,
  "sents_f":0.8145228216,
  "dep_uas":0.7917156241,
  "dep_las":0.7366013379,
  "dep_las_per_type":{
    "iobj":{
      "p":0.6180555556,
      "r":0.6641791045,
      "f":0.6402877698
    },
    "root":{
      "p":0.8507704785,
      "r":0.8916277093,
      "f":0.8707200664
    },
    "nsubj":{
      "p":0.7405286344,
      "r":0.7531362007,
      "f":0.7467792092
    },
    "advmod":{
      "p":0.7233201581,
      "r":0.7222222222,
      "f":0.7227707732
    },
    "advcl":{
      "p":0.6422619048,
      "r":0.6739537789,
      "f":0.657726303
    },
    "ccomp":{
      "p":0.5459459459,
      "r":0.4741784038,
      "f":0.5075376884
    },
    "discourse":{
      "p":0.8150594452,
      "r":0.8118421053,
      "f":0.8134475939
    },
    "obj":{
      "p":0.6839584996,
      "r":0.7091435664,
      "f":0.6963233801
    },
    "det":{
      "p":0.9042854035,
      "r":0.8895784293,
      "f":0.8968716289
    },
    "nmod":{
      "p":0.6579461148,
      "r":0.6083032491,
      "f":0.6321515663
    },
    "cop":{
      "p":0.7154639175,
      "r":0.7024291498,
      "f":0.708886619
    },
    "appos":{
      "p":0.391025641,
      "r":0.3160621762,
      "f":0.3495702006
    },
    "case":{
      "p":0.9313893654,
      "r":0.9354005168,
      "f":0.9333906317
    },
    "acl":{
      "p":0.437007874,
      "r":0.375,
      "f":0.4036363636
    },
    "mark":{
      "p":0.8666666667,
      "r":0.8558718861,
      "f":0.8612354521
    },
    "obl":{
      "p":0.6696914701,
      "r":0.6739726027,
      "f":0.6718252162
    },
    "nsubj:pass":{
      "p":0.6213592233,
      "r":0.6736842105,
      "f":0.6464646465
    },
    "xcomp":{
      "p":0.4322981366,
      "r":0.4572930355,
      "f":0.4444444444
    },
    "cc":{
      "p":0.6889952153,
      "r":0.6931407942,
      "f":0.6910617876
    },
    "conj":{
      "p":0.6541049798,
      "r":0.6382140512,
      "f":0.6460618146
    },
    "dislocated":{
      "p":0.3333333333,
      "r":0.0357142857,
      "f":0.064516129
    },
    "amod":{
      "p":0.68359375,
      "r":0.4847645429,
      "f":0.56726094
    },
    "parataxis":{
      "p":0.0666666667,
      "r":0.0689655172,
      "f":0.0677966102
    },
    "orphan":{
      "p":0.125,
      "r":0.0571428571,
      "f":0.0784313725
    },
    "nummod":{
      "p":0.734939759,
      "r":0.8356164384,
      "f":0.7820512821
    },
    "dep":{
      "p":0.0,
      "r":0.0,
      "f":0.0
    },
    "csubj:pass":{
      "p":1.0,
      "r":0.1428571429,
      "f":0.25
    },
    "obl:agent":{
      "p":0.5263157895,
      "r":0.4545454545,
      "f":0.487804878
    },
    "vocative":{
      "p":0.6315789474,
      "r":0.5915492958,
      "f":0.6109090909
    },
    "fixed":{
      "p":0.2,
      "r":0.375,
      "f":0.2608695652
    },
    "aux":{
      "p":0.0,
      "r":0.0,
      "f":0.0
    },
    "aux:pass":{
      "p":0.0,
      "r":0.0,
      "f":0.0
    },
    "flat:name":{
      "p":0.75,
      "r":0.8571428571,
      "f":0.8
    },
    "csubj":{
      "p":0.3870967742,
      "r":0.3076923077,
      "f":0.3428571429
    }
  },
  "lemma_acc":0.8786627966,
  "speed":178.829631128
}