{
  "token_acc":0.99976153,
  "token_p":0.9983307102,
  "token_r":0.9987117706,
  "token_f":0.998521204,
  "tag_acc":0.8814966831,
  "pos_acc":0.9490287787,
  "morph_acc":0.9183887749,
  "morph_micro_p":0.9585346295,
  "morph_micro_r":0.9525725504,
  "morph_micro_f":0.95554429,
  "morph_per_feat":{
    "Mood":{
      "p":0.9683390161,
      "r":0.9641125121,
      "f":0.9662211422
    },
    "Number":{
      "p":0.9810005363,
      "r":0.9739123821,
      "f":0.977443609
    },
    "Person":{
      "p":0.95884579,
      "r":0.9427906977,
      "f":0.950750469
    },
    "Tense":{
      "p":0.9432337907,
      "r":0.9404506438,
      "f":0.9418401612
    },
    "VerbForm":{
      "p":0.9790153349,
      "r":0.9771750806,
      "f":0.9780943422
    },
    "Voice":{
      "p":0.9760559591,
      "r":0.9731759657,
      "f":0.9746138348
    },
    "Case":{
      "p":0.959,
      "r":0.9519898926,
      "f":0.9554820887
    },
    "Gender":{
      "p":0.9278622825,
      "r":0.9214001447,
      "f":0.9246199229
    },
    "Aspect":{
      "p":0.889212828,
      "r":0.9023668639,
      "f":0.8957415565
    },
    "Degree":{
      "p":0.8095238095,
      "r":0.7234042553,
      "f":0.7640449438
    },
    "PronType":{
      "p":0.0,
      "r":0.0,
      "f":0.0
    }
  },
  "sents_p":0.9816653934,
  "sents_r":0.9839203675,
  "sents_f":0.982791587,
  "dep_uas":0.7747970539,
  "dep_las":0.7147618536,
  "dep_las_per_type":{
    "root":{
      "p":0.9212538226,
      "r":0.9226646248,
      "f":0.921958684
    },
    "advmod":{
      "p":0.7282651072,
      "r":0.7257187257,
      "f":0.7269896867
    },
    "nsubj":{
      "p":0.7324981577,
      "r":0.7417910448,
      "f":0.7371153133
    },
    "det":{
      "p":0.8783091375,
      "r":0.8592314119,
      "f":0.8686655405
    },
    "nmod":{
      "p":0.6324222432,
      "r":0.5959147425,
      "f":0.6136259717
    },
    "obj":{
      "p":0.6272151899,
      "r":0.6562913907,
      "f":0.6414239482
    },
    "advcl":{
      "p":0.6427889207,
      "r":0.6743486974,
      "f":0.658190709
    },
    "cc":{
      "p":0.6957831325,
      "r":0.7085889571,
      "f":0.7021276596
    },
    "conj":{
      "p":0.6716216216,
      "r":0.6600265604,
      "f":0.6657736102
    },
    "amod":{
      "p":0.347826087,
      "r":0.1103448276,
      "f":0.167539267
    },
    "cop":{
      "p":0.6428571429,
      "r":0.6382978723,
      "f":0.640569395
    },
    "obl":{
      "p":0.6330731015,
      "r":0.6398852224,
      "f":0.6364609347
    },
    "case":{
      "p":0.9076498966,
      "r":0.9126819127,
      "f":0.9101589496
    },
    "xcomp":{
      "p":0.3699115044,
      "r":0.4011516315,
      "f":0.3848987109
    },
    "csubj":{
      "p":0.4193548387,
      "r":0.3333333333,
      "f":0.3714285714
    },
    "mark":{
      "p":0.9020771513,
      "r":0.8786127168,
      "f":0.8901903367
    },
    "ccomp":{
      "p":0.5772727273,
      "r":0.4810606061,
      "f":0.5247933884
    },
    "dep":{
      "p":0.0,
      "r":0.0,
      "f":0.0
    },
    "acl":{
      "p":0.3833333333,
      "r":0.3484848485,
      "f":0.3650793651
    },
    "iobj":{
      "p":0.3076923077,
      "r":0.3232323232,
      "f":0.315270936
    },
    "discourse":{
      "p":0.8846153846,
      "r":0.696969697,
      "f":0.7796610169
    },
    "vocative":{
      "p":0.5,
      "r":0.4691358025,
      "f":0.4840764331
    },
    "nummod":{
      "p":0.0909090909,
      "r":0.3333333333,
      "f":0.1428571429
    },
    "parataxis":{
      "p":0.0769230769,
      "r":0.2222222222,
      "f":0.1142857143
    },
    "appos":{
      "p":0.1346153846,
      "r":0.2413793103,
      "f":0.1728395062
    },
    "obl:agent":{
      "p":0.0,
      "r":0.0,
      "f":0.0
    },
    "fixed":{
      "p":0.0,
      "r":0.0,
      "f":0.0
    }
  },
  "lemma_acc":0.8378616922,
  "speed":181.2536688529
}