{
  "token_acc":1.0,
  "token_p":0.9981990095,
  "token_r":0.9990986931,
  "token_f":0.9986486486,
  "tag_acc":0.9773171098,
  "pos_acc":0.9766411296,
  "morph_acc":0.9264683791,
  "morph_micro_p":0.9742296031,
  "morph_micro_r":0.9722498194,
  "morph_micro_f":0.9732387044,
  "morph_per_feat":{
    "Case":{
      "p":0.9831000792,
      "r":0.9793502565,
      "f":0.9812215853
    },
    "Gender":{
      "p":0.9321944113,
      "r":0.9334305795,
      "f":0.9328120859
    },
    "Number":{
      "p":0.9924625821,
      "r":0.9889484979,
      "f":0.9907024238
    },
    "Aspect":{
      "p":0.9735744089,
      "r":0.9810791871,
      "f":0.9773123909
    },
    "Mood":{
      "p":0.97489784,
      "r":0.9726266744,
      "f":0.9737609329
    },
    "Person":{
      "p":0.9812762705,
      "r":0.9764258555,
      "f":0.9788450543
    },
    "Tense":{
      "p":0.9784277879,
      "r":0.9766423358,
      "f":0.9775342466
    },
    "VerbForm":{
      "p":0.9901279707,
      "r":0.9879605983,
      "f":0.9890430972
    },
    "Voice":{
      "p":0.965630713,
      "r":0.9638686131,
      "f":0.9647488584
    },
    "PronType":{
      "p":0.9831252109,
      "r":0.9742474916,
      "f":0.9786662187
    },
    "Degree":{
      "p":0.9316129032,
      "r":0.945026178,
      "f":0.9382716049
    },
    "Definite":{
      "p":0.9922092376,
      "r":0.9933147632,
      "f":0.9927616927
    },
    "Reflex":{
      "p":1.0,
      "r":1.0,
      "f":1.0
    },
    "Polarity":{
      "p":0.9954545455,
      "r":0.9909502262,
      "f":0.9931972789
    },
    "Poss":{
      "p":0.9166666667,
      "r":0.8461538462,
      "f":0.88
    }
  },
  "sents_p":0.5903197926,
  "sents_r":0.6523400191,
  "sents_f":0.6197822142,
  "dep_uas":0.8190626408,
  "dep_las":0.7718942467,
  "dep_las_per_type":{
    "iobj":{
      "p":0.6997840173,
      "r":0.7414187643,
      "f":0.72
    },
    "root":{
      "p":0.7700950735,
      "r":0.8510028653,
      "f":0.8085299456
    },
    "nsubj":{
      "p":0.7573770492,
      "r":0.7769058296,
      "f":0.7670171555
    },
    "advmod":{
      "p":0.7219858156,
      "r":0.7069444444,
      "f":0.7143859649
    },
    "advcl":{
      "p":0.6585365854,
      "r":0.671641791,
      "f":0.6650246305
    },
    "ccomp":{
      "p":0.4904458599,
      "r":0.475308642,
      "f":0.4827586207
    },
    "discourse":{
      "p":0.8150684932,
      "r":0.818431912,
      "f":0.8167467399
    },
    "obj":{
      "p":0.8032432432,
      "r":0.8191841235,
      "f":0.8111353712
    },
    "det":{
      "p":0.9299955693,
      "r":0.9210179903,
      "f":0.9254850088
    },
    "nmod":{
      "p":0.7531120332,
      "r":0.7007722008,
      "f":0.726
    },
    "cop":{
      "p":0.8048780488,
      "r":0.7783018868,
      "f":0.7913669065
    },
    "appos":{
      "p":0.4955752212,
      "r":0.3414634146,
      "f":0.40433213
    },
    "case":{
      "p":0.9616252822,
      "r":0.9692832765,
      "f":0.9654390935
    },
    "acl":{
      "p":0.5187969925,
      "r":0.4207317073,
      "f":0.4646464646
    },
    "mark":{
      "p":0.871559633,
      "r":0.8796296296,
      "f":0.8755760369
    },
    "obl":{
      "p":0.7378516624,
      "r":0.7248743719,
      "f":0.7313054499
    },
    "nsubj:pass":{
      "p":0.6213592233,
      "r":0.6736842105,
      "f":0.6464646465
    },
    "xcomp":{
      "p":0.5601659751,
      "r":0.5625,
      "f":0.5613305613
    },
    "cc":{
      "p":0.6904055391,
      "r":0.6910891089,
      "f":0.6907471549
    },
    "conj":{
      "p":0.657219973,
      "r":0.6324675325,
      "f":0.644606221
    },
    "dislocated":{
      "p":0.5,
      "r":0.0357142857,
      "f":0.0666666667
    },
    "amod":{
      "p":0.7302325581,
      "r":0.7268518519,
      "f":0.7285382831
    },
    "parataxis":{
      "p":0.0,
      "r":0.0,
      "f":0.0
    },
    "orphan":{
      "p":0.125,
      "r":0.0571428571,
      "f":0.0784313725
    },
    "nummod":{
      "p":0.8356164384,
      "r":0.8714285714,
      "f":0.8531468531
    },
    "dep":{
      "p":0.0,
      "r":0.0,
      "f":0.0
    },
    "csubj:pass":{
      "p":1.0,
      "r":0.1428571429,
      "f":0.25
    },
    "obl:agent":{
      "p":0.6666666667,
      "r":0.4545454545,
      "f":0.5405405405
    },
    "vocative":{
      "p":0.7719298246,
      "r":0.7213114754,
      "f":0.7457627119
    },
    "fixed":{
      "p":0.375,
      "r":0.375,
      "f":0.375
    },
    "aux":{
      "p":0.0,
      "r":0.0,
      "f":0.0
    },
    "aux:pass":{
      "p":0.0,
      "r":0.0,
      "f":0.0
    },
    "flat:name":{
      "p":0.75,
      "r":0.8571428571,
      "f":0.8
    }
  },
  "lemma_acc":0.9446696697,
  "speed":179.7498304835
}