{
  "token_acc":0.9261522073,
  "token_p":0.9259015572,
  "token_r":0.8622530855,
  "token_f":0.8929445536,
  "tag_acc":0.40139113,
  "pos_acc":0.7805993765,
  "morph_acc":0.6371312644,
  "morph_micro_p":0.8461057075,
  "morph_micro_r":0.8332375829,
  "morph_micro_f":0.8396223436,
  "morph_per_feat":{
    "Case":{
      "p":0.9366753063,
      "r":0.8510490259,
      "f":0.8918115536
    },
    "Gender":{
      "p":0.8846358635,
      "r":0.8040544174,
      "f":0.8424225352
    },
    "Number":{
      "p":0.9688875699,
      "r":0.8718176963,
      "f":0.9177931358
    },
    "Aspect":{
      "p":0.568061089,
      "r":0.8135996196,
      "f":0.6690127077
    },
    "Mood":{
      "p":0.8944770133,
      "r":0.7671341625,
      "f":0.8259259259
    },
    "Person":{
      "p":0.8444250491,
      "r":0.809623431,
      "f":0.8266581224
    },
    "Tense":{
      "p":0.8688437776,
      "r":0.7609771181,
      "f":0.8113409709
    },
    "VerbForm":{
      "p":0.9315455187,
      "r":0.8167053364,
      "f":0.8703535811
    },
    "Voice":{
      "p":0.8785525154,
      "r":0.7694805195,
      "f":0.820407154
    },
    "PronType":{
      "p":0.4757891258,
      "r":0.9628762542,
      "f":0.6368764517
    },
    "Degree":{
      "p":0.410443571,
      "r":0.851981352,
      "f":0.5539977264
    },
    "Definite":{
      "p":0.4267972295,
      "r":0.9955431755,
      "f":0.5974590438
    },
    "Reflex":{
      "p":0.5625,
      "r":0.9782608696,
      "f":0.7142857143
    },
    "Polarity":{
      "p":0.9908675799,
      "r":0.9819004525,
      "f":0.9863636364
    },
    "Poss":{
      "p":0.3225806452,
      "r":0.7692307692,
      "f":0.4545454545
    }
  },
  "sents_p":0.4361662299,
  "sents_r":0.4951126222,
  "sents_f":0.4637738854,
  "dep_uas":0.5076923077,
  "dep_las":0.4378818737,
  "dep_las_per_type":{
    "iobj":{
      "p":0.383033419,
      "r":0.5559701493,
      "f":0.4535768645
    },
    "root":{
      "p":0.5907915158,
      "r":0.4853378666,
      "f":0.5328978068
    },
    "nsubj":{
      "p":0.531710442,
      "r":0.3718637993,
      "f":0.4376482995
    },
    "advmod":{
      "p":0.5132802125,
      "r":0.2346690953,
      "f":0.3220833333
    },
    "advcl":{
      "p":0.3863117871,
      "r":0.3173016864,
      "f":0.3484224966
    },
    "ccomp":{
      "p":0.2154696133,
      "r":0.1830985915,
      "f":0.1979695431
    },
    "discourse":{
      "p":0.4433497537,
      "r":0.7105263158,
      "f":0.5460060667
    },
    "obj":{
      "p":0.5592064476,
      "r":0.3731899048,
      "f":0.4476426799
    },
    "det":{
      "p":0.7329484712,
      "r":0.7335758613,
      "f":0.7332620321
    },
    "nmod":{
      "p":0.5202257761,
      "r":0.1996389892,
      "f":0.2885468302
    },
    "cop":{
      "p":0.5384615385,
      "r":0.467611336,
      "f":0.5005417118
    },
    "appos":{
      "p":0.154109589,
      "r":0.2331606218,
      "f":0.1855670103
    },
    "case":{
      "p":0.8356899074,
      "r":0.7381567614,
      "f":0.783901212
    },
    "acl":{
      "p":0.1704180064,
      "r":0.1790540541,
      "f":0.1746293245
    },
    "mark":{
      "p":0.7616438356,
      "r":0.4946619217,
      "f":0.5997842503
    },
    "obl":{
      "p":0.5414731254,
      "r":0.3726027397,
      "f":0.4414390046
    },
    "nsubj:pass":{
      "p":0.298136646,
      "r":0.5052631579,
      "f":0.375
    },
    "xcomp":{
      "p":0.3740648379,
      "r":0.197109067,
      "f":0.2581755594
    },
    "cc":{
      "p":0.4122257053,
      "r":0.4747292419,
      "f":0.4412751678
    },
    "conj":{
      "p":0.4072672218,
      "r":0.3532501641,
      "f":0.3783403657
    },
    "dislocated":{
      "p":0.0,
      "r":0.0,
      "f":0.0
    },
    "amod":{
      "p":0.2594501718,
      "r":0.4182825485,
      "f":0.3202545069
    },
    "parataxis":{
      "p":0.0333333333,
      "r":0.0344827586,
      "f":0.0338983051
    },
    "nummod":{
      "p":0.4672131148,
      "r":0.7808219178,
      "f":0.5846153846
    },
    "fixed":{
      "p":0.4545454545,
      "r":0.625,
      "f":0.5263157895
    },
    "csubj:pass":{
      "p":0.0,
      "r":0.0,
      "f":0.0
    },
    "obl:agent":{
      "p":0.2272727273,
      "r":0.2272727273,
      "f":0.2272727273
    },
    "orphan":{
      "p":0.0,
      "r":0.0,
      "f":0.0
    },
    "vocative":{
      "p":0.6545454545,
      "r":0.2535211268,
      "f":0.3654822335
    },
    "aux":{
      "p":0.0,
      "r":0.0,
      "f":0.0
    },
    "aux:pass":{
      "p":0.0,
      "r":0.0,
      "f":0.0
    },
    "flat:name":{
      "p":0.5454545455,
      "r":0.8571428571,
      "f":0.6666666667
    },
    "csubj":{
      "p":0.0,
      "r":0.0,
      "f":0.0
    }
  },
  "lemma_acc":0.7728604327,
  "speed":2370.20964427
}