{
  "token_acc":0.8733068157,
  "token_p":0.8727692969,
  "token_r":0.7747029916,
  "token_f":0.8208174304,
  "tag_acc":0.0,
  "pos_acc":0.6522603881,
  "morph_acc":0.4585281944,
  "morph_micro_p":0.7519460509,
  "morph_micro_r":0.7304021614,
  "morph_micro_f":0.7410175508,
  "morph_per_feat":{
    "Mood":{
      "p":0.8354098361,
      "r":0.6178467507,
      "f":0.7103429049
    },
    "Number":{
      "p":0.9550953079,
      "r":0.7926680864,
      "f":0.8663341646
    },
    "Person":{
      "p":0.6879756469,
      "r":0.6306976744,
      "f":0.6580926959
    },
    "Tense":{
      "p":0.812414734,
      "r":0.6389484979,
      "f":0.7153153153
    },
    "VerbForm":{
      "p":0.8889267462,
      "r":0.7005907626,
      "f":0.7836011413
    },
    "Voice":{
      "p":0.8260572988,
      "r":0.6496781116,
      "f":0.7273273273
    },
    "Case":{
      "p":0.9180781932,
      "r":0.7777276419,
      "f":0.8420949775
    },
    "Gender":{
      "p":0.8634658665,
      "r":0.7287445731,
      "f":0.7904056507
    },
    "Definite":{
      "p":0.0,
      "r":0.0,
      "f":0.0
    },
    "PronType":{
      "p":0.0,
      "r":0.0,
      "f":0.0
    },
    "Degree":{
      "p":0.0505836576,
      "r":0.5531914894,
      "f":0.0926916221
    },
    "Aspect":{
      "p":0.2461636829,
      "r":0.5695266272,
      "f":0.34375
    },
    "Reflex":{
      "p":0.0,
      "r":0.0,
      "f":0.0
    },
    "Poss":{
      "p":0.0,
      "r":0.0,
      "f":0.0
    },
    "Polarity":{
      "p":0.0,
      "r":0.0,
      "f":0.0
    }
  },
  "sents_p":0.3745519713,
  "sents_r":0.4800918836,
  "sents_f":0.4208053691,
  "dep_uas":0.3515845496,
  "dep_las":0.2673440314,
  "dep_las_per_type":{
    "root":{
      "p":0.4443254818,
      "r":0.3177641654,
      "f":0.3705357143
    },
    "advmod":{
      "p":0.4047919294,
      "r":0.1247086247,
      "f":0.1906741907
    },
    "nsubj":{
      "p":0.3797814208,
      "r":0.2074626866,
      "f":0.2683397683
    },
    "det":{
      "p":0.5844044559,
      "r":0.5697577277,
      "f":0.5769881557
    },
    "nmod":{
      "p":0.4182156134,
      "r":0.0999111901,
      "f":0.1612903226
    },
    "obj":{
      "p":0.3815602837,
      "r":0.1781456954,
      "f":0.2428893905
    },
    "advcl":{
      "p":0.2611464968,
      "r":0.1643286573,
      "f":0.2017220172
    },
    "cc":{
      "p":0.2879818594,
      "r":0.3895705521,
      "f":0.3311603651
    },
    "conj":{
      "p":0.3823529412,
      "r":0.2416998672,
      "f":0.2961757526
    },
    "amod":{
      "p":0.0342857143,
      "r":0.0827586207,
      "f":0.0484848485
    },
    "cop":{
      "p":0.4019607843,
      "r":0.2907801418,
      "f":0.3374485597
    },
    "obl":{
      "p":0.4373219373,
      "r":0.2202295552,
      "f":0.2929389313
    },
    "case":{
      "p":0.7584415584,
      "r":0.6070686071,
      "f":0.6743648961
    },
    "xcomp":{
      "p":0.2821782178,
      "r":0.1094049904,
      "f":0.1576763485
    },
    "csubj":{
      "p":0.0,
      "r":0.0,
      "f":0.0
    },
    "mark":{
      "p":0.6896551724,
      "r":0.289017341,
      "f":0.4073319756
    },
    "ccomp":{
      "p":0.1304347826,
      "r":0.0909090909,
      "f":0.1071428571
    },
    "discourse":{
      "p":0.0078585462,
      "r":0.1212121212,
      "f":0.0147601476
    },
    "iobj":{
      "p":0.0880681818,
      "r":0.3131313131,
      "f":0.1374722838
    },
    "dislocated":{
      "p":0.0,
      "r":0.0,
      "f":0.0
    },
    "nsubj:pass":{
      "p":0.0,
      "r":0.0,
      "f":0.0
    },
    "acl":{
      "p":0.0481927711,
      "r":0.0606060606,
      "f":0.0536912752
    },
    "appos":{
      "p":0.0,
      "r":0.0,
      "f":0.0
    },
    "vocative":{
      "p":0.0,
      "r":0.0,
      "f":0.0
    },
    "nummod":{
      "p":0.0,
      "r":0.0,
      "f":0.0
    },
    "obl:agent":{
      "p":0.0,
      "r":0.0,
      "f":0.0
    },
    "parataxis":{
      "p":0.0,
      "r":0.0,
      "f":0.0
    },
    "flat:name":{
      "p":0.0,
      "r":0.0,
      "f":0.0
    },
    "fixed":{
      "p":0.0,
      "r":0.0,
      "f":0.0
    },
    "orphan":{
      "p":0.0,
      "r":0.0,
      "f":0.0
    },
    "csubj:pass":{
      "p":0.0,
      "r":0.0,
      "f":0.0
    }
  },
  "lemma_acc":0.659087244,
  "speed":2681.6436446924
}