{
  "token_acc":1.0,
  "token_p":1.0,
  "token_r":1.0,
  "token_f":1.0,
  "tag_acc":0.9622202193,
  "pos_acc":0.9597416254,
  "morph_acc":0.8862100045,
  "morph_micro_p":0.9514764601,
  "morph_micro_r":0.9523572977,
  "morph_micro_f":0.9519166751,
  "morph_per_feat":{
    "Case":{
      "p":0.959283173,
      "r":0.9575167697,
      "f":0.9583991575
    },
    "Gender":{
      "p":0.9103275225,
      "r":0.914069752,
      "f":0.9121947992
    },
    "Number":{
      "p":0.9847410273,
      "r":0.9832618026,
      "f":0.984000859
    },
    "Aspect":{
      "p":0.9138525155,
      "r":0.9292221444,
      "f":0.9214732453
    },
    "Mood":{
      "p":0.94583576,
      "r":0.94583576,
      "f":0.94583576
    },
    "Person":{
      "p":0.9617298125,
      "r":0.955513308,
      "f":0.958611482
    },
    "Tense":{
      "p":0.9269806499,
      "r":0.9266423358,
      "f":0.9268114619
    },
    "VerbForm":{
      "p":0.9748083242,
      "r":0.9740970449,
      "f":0.9744525547
    },
    "Voice":{
      "p":0.9317269076,
      "r":0.9313868613,
      "f":0.9315568534
    },
    "PronType":{
      "p":0.9651357694,
      "r":0.9628762542,
      "f":0.9640046878
    },
    "Degree":{
      "p":0.900530504,
      "r":0.8887434555,
      "f":0.8945981555
    },
    "Definite":{
      "p":0.9664683613,
      "r":0.9955431755,
      "f":0.9807903403
    },
    "Reflex":{
      "p":1.0,
      "r":0.9782608696,
      "f":0.989010989
    },
    "Polarity":{
      "p":0.995412844,
      "r":0.9819004525,
      "f":0.9886104784
    },
    "Poss":{
      "p":0.6666666667,
      "r":0.7692307692,
      "f":0.7142857143
    }
  },
  "sents_p":0.5297131148,
  "sents_r":0.4937917861,
  "sents_f":0.5111220959,
  "dep_uas":0.7239747634,
  "dep_las":0.6747784287,
  "dep_las_per_type":{
    "iobj":{
      "p":0.6267605634,
      "r":0.6109839817,
      "f":0.6187717265
    },
    "root":{
      "p":0.7305327869,
      "r":0.6809933142,
      "f":0.7048937222
    },
    "nsubj":{
      "p":0.6622596154,
      "r":0.6177130045,
      "f":0.6392111369
    },
    "advmod":{
      "p":0.6326815642,
      "r":0.6291666667,
      "f":0.6309192201
    },
    "advcl":{
      "p":0.5029239766,
      "r":0.5704809287,
      "f":0.5345765346
    },
    "ccomp":{
      "p":0.3050847458,
      "r":0.3333333333,
      "f":0.3185840708
    },
    "discourse":{
      "p":0.7496503497,
      "r":0.7372764787,
      "f":0.7434119279
    },
    "obj":{
      "p":0.6970033296,
      "r":0.6923925028,
      "f":0.6946902655
    },
    "det":{
      "p":0.8835616438,
      "r":0.9056603774,
      "f":0.8944745395
    },
    "nmod":{
      "p":0.6226415094,
      "r":0.6370656371,
      "f":0.6297709924
    },
    "cop":{
      "p":0.65625,
      "r":0.6933962264,
      "f":0.6743119266
    },
    "appos":{
      "p":0.3284671533,
      "r":0.2743902439,
      "f":0.2990033223
    },
    "case":{
      "p":0.9361702128,
      "r":0.9510807736,
      "f":0.9435665914
    },
    "acl":{
      "p":0.3214285714,
      "r":0.2743902439,
      "f":0.2960526316
    },
    "mark":{
      "p":0.798206278,
      "r":0.8240740741,
      "f":0.8109339408
    },
    "obl":{
      "p":0.6302211302,
      "r":0.6444723618,
      "f":0.6372670807
    },
    "nsubj:pass":{
      "p":0.5052631579,
      "r":0.5052631579,
      "f":0.5052631579
    },
    "xcomp":{
      "p":0.4585365854,
      "r":0.3916666667,
      "f":0.4224719101
    },
    "cc":{
      "p":0.5178743961,
      "r":0.5306930693,
      "f":0.524205379
    },
    "conj":{
      "p":0.4197384067,
      "r":0.4584415584,
      "f":0.4382371198
    },
    "dislocated":{
      "p":0.0,
      "r":0.0,
      "f":0.0
    },
    "amod":{
      "p":0.594017094,
      "r":0.6435185185,
      "f":0.6177777778
    },
    "parataxis":{
      "p":0.0909090909,
      "r":0.05,
      "f":0.064516129
    },
    "nummod":{
      "p":0.7916666667,
      "r":0.8142857143,
      "f":0.8028169014
    },
    "fixed":{
      "p":0.625,
      "r":0.625,
      "f":0.625
    },
    "csubj:pass":{
      "p":0.0,
      "r":0.0,
      "f":0.0
    },
    "obl:agent":{
      "p":0.5555555556,
      "r":0.2272727273,
      "f":0.3225806452
    },
    "orphan":{
      "p":0.0,
      "r":0.0,
      "f":0.0
    },
    "vocative":{
      "p":0.6923076923,
      "r":0.5901639344,
      "f":0.6371681416
    },
    "aux":{
      "p":0.0,
      "r":0.0,
      "f":0.0
    },
    "aux:pass":{
      "p":0.0,
      "r":0.0,
      "f":0.0
    },
    "flat:name":{
      "p":0.75,
      "r":0.8571428571,
      "f":0.8
    }
  },
  "lemma_acc":0.9317260027,
  "speed":2352.1088634339
}