{
  "token_acc":0.999912465,
  "token_p":0.99982493,
  "token_r":0.9997957576,
  "token_f":0.9998103436,
  "tag_acc":0.4413708583,
  "pos_acc":0.7832684087,
  "morph_acc":0.7305992034,
  "morph_micro_p":0.9162214834,
  "morph_micro_r":0.834825299,
  "morph_micro_f":0.8736315689,
  "morph_per_feat":{
    "Case":{
      "p":0.9257620718,
      "r":0.918379362,
      "f":0.9220559392
    },
    "Gender":{
      "p":0.8697911029,
      "r":0.8642254127,
      "f":0.8669993257
    },
    "Number":{
      "p":0.9645469641,
      "r":0.9566049493,
      "f":0.9605595406
    },
    "Aspect":{
      "p":0.819138756,
      "r":0.4070375654,
      "f":0.5438373571
    },
    "Mood":{
      "p":0.9084356647,
      "r":0.9005027785,
      "f":0.9044518272
    },
    "Person":{
      "p":0.9235059761,
      "r":0.7274058577,
      "f":0.8138092452
    },
    "Tense":{
      "p":0.8623425105,
      "r":0.8571428571,
      "f":0.8597348221
    },
    "VerbForm":{
      "p":0.9376263805,
      "r":0.9324052591,
      "f":0.9350085311
    },
    "Voice":{
      "p":0.9066293184,
      "r":0.900742115,
      "f":0.9036761284
    },
    "PronType":{
      "p":0.0,
      "r":0.0,
      "f":0.0
    },
    "Degree":{
      "p":0.6808510638,
      "r":0.0745920746,
      "f":0.1344537815
    },
    "Definite":{
      "p":0.0,
      "r":0.0,
      "f":0.0
    },
    "Reflex":{
      "p":0.0,
      "r":0.0,
      "f":0.0
    },
    "Polarity":{
      "p":0.0,
      "r":0.0,
      "f":0.0
    },
    "Poss":{
      "p":0.0,
      "r":0.0,
      "f":0.0
    }
  },
  "sents_p":0.9180911681,
  "sents_r":0.5478113047,
  "sents_f":0.6861857865,
  "dep_uas":0.5865337909,
  "dep_las":0.483147652,
  "dep_las_per_type":{
    "iobj":{
      "p":0.3908045977,
      "r":0.1268656716,
      "f":0.1915492958
    },
    "root":{
      "p":0.7832267235,
      "r":0.4683382915,
      "f":0.5861702128
    },
    "nsubj":{
      "p":0.4875717017,
      "r":0.4569892473,
      "f":0.4717853839
    },
    "advmod":{
      "p":0.3894572954,
      "r":0.5315725562,
      "f":0.449550706
    },
    "advcl":{
      "p":0.3385049365,
      "r":0.4497189257,
      "f":0.3862660944
    },
    "ccomp":{
      "p":0.1679012346,
      "r":0.1596244131,
      "f":0.1636582431
    },
    "discourse":{
      "p":0.0,
      "r":0.0,
      "f":0.0
    },
    "obj":{
      "p":0.3978090767,
      "r":0.5258585023,
      "f":0.4529579473
    },
    "det":{
      "p":0.8300898204,
      "r":0.7119623368,
      "f":0.7665015551
    },
    "nmod":{
      "p":0.3427552141,
      "r":0.4509025271,
      "f":0.389460555
    },
    "cop":{
      "p":0.4566596195,
      "r":0.4372469636,
      "f":0.4467425026
    },
    "appos":{
      "p":0.0,
      "r":0.0,
      "f":0.0
    },
    "case":{
      "p":0.8583032491,
      "r":0.819121447,
      "f":0.8382547378
    },
    "acl":{
      "p":0.2389380531,
      "r":0.0912162162,
      "f":0.1320293399
    },
    "mark":{
      "p":0.6643598616,
      "r":0.6832740214,
      "f":0.6736842105
    },
    "obl":{
      "p":0.51966759,
      "r":0.4283105023,
      "f":0.4695869837
    },
    "nsubj:pass":{
      "p":0.0,
      "r":0.0,
      "f":0.0
    },
    "xcomp":{
      "p":0.2205128205,
      "r":0.2825229961,
      "f":0.2476958525
    },
    "cc":{
      "p":0.2948517941,
      "r":0.3411552347,
      "f":0.3163179916
    },
    "conj":{
      "p":0.2727272727,
      "r":0.3427445831,
      "f":0.3037532732
    },
    "dislocated":{
      "p":0.0,
      "r":0.0,
      "f":0.0
    },
    "amod":{
      "p":0.1367521368,
      "r":0.0443213296,
      "f":0.0669456067
    },
    "parataxis":{
      "p":0.0740740741,
      "r":0.0689655172,
      "f":0.0714285714
    },
    "nummod":{
      "p":0.2456140351,
      "r":0.1917808219,
      "f":0.2153846154
    },
    "csubj":{
      "p":0.1666666667,
      "r":0.1538461538,
      "f":0.16
    },
    "csubj:pass":{
      "p":0.0,
      "r":0.0,
      "f":0.0
    },
    "obl:agent":{
      "p":0.0,
      "r":0.0,
      "f":0.0
    },
    "orphan":{
      "p":0.0,
      "r":0.0,
      "f":0.0
    },
    "vocative":{
      "p":0.4444444444,
      "r":0.2253521127,
      "f":0.2990654206
    },
    "aux":{
      "p":0.0,
      "r":0.0,
      "f":0.0
    },
    "aux:pass":{
      "p":0.0,
      "r":0.0,
      "f":0.0
    },
    "flat:name":{
      "p":0.0,
      "r":0.0,
      "f":0.0
    },
    "fixed":{
      "p":0.0,
      "r":0.0,
      "f":0.0
    }
  },
  "lemma_acc":0.8232324706,
  "speed":3183.2799664279
}