{
  "token_acc":0.9998568566,
  "token_p":0.9997137131,
  "token_r":0.9996660146,
  "token_f":0.9996898633,
  "tag_acc":0.7218285496,
  "pos_acc":0.8094863169,
  "morph_acc":0.8570133372,
  "morph_micro_p":0.9139213186,
  "morph_micro_r":0.9053589131,
  "morph_micro_f":0.9096199664,
  "morph_per_feat":{
    "Mood":{
      "p":0.9084372004,
      "r":0.9190106693,
      "f":0.9136933462
    },
    "Number":{
      "p":0.9607677543,
      "r":0.9517797384,
      "f":0.9562526268
    },
    "Person":{
      "p":0.9090473911,
      "r":0.883255814,
      "f":0.8959660297
    },
    "Tense":{
      "p":0.8516439455,
      "r":0.8546137339,
      "f":0.8531262552
    },
    "VerbForm":{
      "p":0.9270248597,
      "r":0.9312567132,
      "f":0.9291359678
    },
    "Voice":{
      "p":0.9171122995,
      "r":0.9200643777,
      "f":0.9185859668
    },
    "Case":{
      "p":0.9228378131,
      "r":0.9109286166,
      "f":0.9168445433
    },
    "Gender":{
      "p":0.8739465005,
      "r":0.8628798842,
      "f":0.8683779356
    },
    "Aspect":{
      "p":0.8196202532,
      "r":0.7662721893,
      "f":0.7920489297
    },
    "Degree":{
      "p":0.5964912281,
      "r":0.3617021277,
      "f":0.4503311258
    }
  },
  "sents_p":0.9930822444,
  "sents_r":0.989280245,
  "sents_f":0.9911775988,
  "dep_uas":0.6396752426,
  "dep_las":0.5580557572,
  "dep_las_per_type":{
    "root":{
      "p":0.786809816,
      "r":0.7856049005,
      "f":0.7862068966
    },
    "advmod":{
      "p":0.4977088474,
      "r":0.5485625486,
      "f":0.5218998337
    },
    "nsubj":{
      "p":0.5576923077,
      "r":0.5194029851,
      "f":0.5378670788
    },
    "det":{
      "p":0.8230248307,
      "r":0.761487051,
      "f":0.7910609677
    },
    "nmod":{
      "p":0.465878071,
      "r":0.4547069272,
      "f":0.4602247191
    },
    "obj":{
      "p":0.4420935412,
      "r":0.5258278146,
      "f":0.480338778
    },
    "advcl":{
      "p":0.4595588235,
      "r":0.501002004,
      "f":0.4793863854
    },
    "cc":{
      "p":0.3864678899,
      "r":0.5168711656,
      "f":0.4422572178
    },
    "conj":{
      "p":0.3694344164,
      "r":0.4077025232,
      "f":0.3876262626
    },
    "amod":{
      "p":0.1594202899,
      "r":0.075862069,
      "f":0.1028037383
    },
    "cop":{
      "p":0.5229007634,
      "r":0.4858156028,
      "f":0.5036764706
    },
    "obl":{
      "p":0.5527015058,
      "r":0.4476327116,
      "f":0.4946492271
    },
    "case":{
      "p":0.8439265537,
      "r":0.8281358281,
      "f":0.8359566282
    },
    "xcomp":{
      "p":0.2580645161,
      "r":0.2763915547,
      "f":0.2669138091
    },
    "csubj":{
      "p":0.2727272727,
      "r":0.1538461538,
      "f":0.1967213115
    },
    "mark":{
      "p":0.7524115756,
      "r":0.676300578,
      "f":0.7123287671
    },
    "ccomp":{
      "p":0.34,
      "r":0.1931818182,
      "f":0.2463768116
    },
    "iobj":{
      "p":0.1842105263,
      "r":0.1414141414,
      "f":0.16
    },
    "discourse":{
      "p":0.0,
      "r":0.0,
      "f":0.0
    },
    "vocative":{
      "p":0.4909090909,
      "r":0.3333333333,
      "f":0.3970588235
    },
    "parataxis":{
      "p":0.0740740741,
      "r":0.2222222222,
      "f":0.1111111111
    },
    "acl":{
      "p":0.2258064516,
      "r":0.1060606061,
      "f":0.1443298969
    },
    "appos":{
      "p":0.0,
      "r":0.0,
      "f":0.0
    },
    "nummod":{
      "p":0.0357142857,
      "r":0.3333333333,
      "f":0.064516129
    }
  },
  "lemma_acc":0.8272653529,
  "speed":3661.2768943933
}