{
  "token_acc":1.0,
  "token_p":1.0,
  "token_r":1.0,
  "token_f":1.0,
  "tag_acc":0.0,
  "pos_acc":0.7419257924,
  "morph_acc":0.5316959591,
  "morph_micro_p":0.9196083839,
  "morph_micro_r":0.7529127529,
  "morph_micro_f":0.8279535184,
  "morph_per_feat":{
    "Case":{
      "p":0.9300947867,
      "r":0.9292384585,
      "f":0.9296664254
    },
    "Gender":{
      "p":0.8639068906,
      "r":0.866198117,
      "f":0.8650509866
    },
    "Number":{
      "p":0.9698639015,
      "r":0.9634120172,
      "f":0.9666271935
    },
    "Aspect":{
      "p":0.8223844282,
      "r":0.2368605466,
      "f":0.3677910773
    },
    "Mood":{
      "p":0.9084888621,
      "r":0.8788584741,
      "f":0.8934280639
    },
    "Person":{
      "p":0.9415623137,
      "r":0.6003802281,
      "f":0.7332249826
    },
    "Tense":{
      "p":0.8775586156,
      "r":0.8605839416,
      "f":0.8689883914
    },
    "VerbForm":{
      "p":0.9527353926,
      "r":0.9339657059,
      "f":0.943257185
    },
    "Voice":{
      "p":0.8919925512,
      "r":0.8740875912,
      "f":0.8829493088
    },
    "PronType":{
      "p":0.0,
      "r":0.0,
      "f":0.0
    },
    "Degree":{
      "p":0.8108108108,
      "r":0.0392670157,
      "f":0.074906367
    },
    "Definite":{
      "p":0.0,
      "r":0.0,
      "f":0.0
    },
    "Reflex":{
      "p":0.0,
      "r":0.0,
      "f":0.0
    },
    "Polarity":{
      "p":0.0,
      "r":0.0,
      "f":0.0
    },
    "Poss":{
      "p":0.0,
      "r":0.0,
      "f":0.0
    }
  },
  "sents_p":0.0,
  "sents_r":0.0,
  "sents_f":0.0,
  "dep_uas":0.5128840808,
  "dep_las":0.3793854707,
  "dep_las_per_type":{
    "iobj":{
      "p":0.5454545455,
      "r":0.1235697941,
      "f":0.2014925373
    },
    "root":{
      "p":0.7428571429,
      "r":0.0744985673,
      "f":0.1354166667
    },
    "nsubj":{
      "p":0.3865248227,
      "r":0.3665919283,
      "f":0.3762945915
    },
    "advmod":{
      "p":0.2056694813,
      "r":0.4736111111,
      "f":0.2867956266
    },
    "advcl":{
      "p":0.2122958694,
      "r":0.3665008292,
      "f":0.2688564477
    },
    "ccomp":{
      "p":0.0669291339,
      "r":0.1049382716,
      "f":0.0817307692
    },
    "discourse":{
      "p":0.0,
      "r":0.0,
      "f":0.0
    },
    "obj":{
      "p":0.3421428571,
      "r":0.5281146637,
      "f":0.4152579107
    },
    "det":{
      "p":0.8383500557,
      "r":0.6599385695,
      "f":0.738521974
    },
    "nmod":{
      "p":0.1565096953,
      "r":0.4362934363,
      "f":0.2303771662
    },
    "cop":{
      "p":0.3744075829,
      "r":0.3726415094,
      "f":0.3735224586
    },
    "appos":{
      "p":0.0,
      "r":0.0,
      "f":0.0
    },
    "case":{
      "p":0.88375,
      "r":0.8043230944,
      "f":0.8421679571
    },
    "acl":{
      "p":0.2549019608,
      "r":0.0792682927,
      "f":0.1209302326
    },
    "mark":{
      "p":0.5617977528,
      "r":0.6944444444,
      "f":0.6211180124
    },
    "obl":{
      "p":0.4659763314,
      "r":0.3957286432,
      "f":0.4279891304
    },
    "nsubj:pass":{
      "p":0.0,
      "r":0.0,
      "f":0.0
    },
    "xcomp":{
      "p":0.1706730769,
      "r":0.2958333333,
      "f":0.2164634146
    },
    "cc":{
      "p":0.2192564347,
      "r":0.2277227723,
      "f":0.223409422
    },
    "conj":{
      "p":0.1988899167,
      "r":0.2792207792,
      "f":0.2323068612
    },
    "dislocated":{
      "p":0.0,
      "r":0.0,
      "f":0.0
    },
    "amod":{
      "p":0.1041666667,
      "r":0.0231481481,
      "f":0.0378787879
    },
    "parataxis":{
      "p":0.0,
      "r":0.0,
      "f":0.0
    },
    "nummod":{
      "p":0.4482758621,
      "r":0.1857142857,
      "f":0.2626262626
    },
    "csubj":{
      "p":0.0,
      "r":0.0,
      "f":0.0
    },
    "csubj:pass":{
      "p":0.0,
      "r":0.0,
      "f":0.0
    },
    "obl:agent":{
      "p":0.0,
      "r":0.0,
      "f":0.0
    },
    "orphan":{
      "p":0.0,
      "r":0.0,
      "f":0.0
    },
    "vocative":{
      "p":0.2941176471,
      "r":0.0819672131,
      "f":0.1282051282
    },
    "aux":{
      "p":0.0,
      "r":0.0,
      "f":0.0
    },
    "aux:pass":{
      "p":0.0,
      "r":0.0,
      "f":0.0
    },
    "flat:name":{
      "p":0.0,
      "r":0.0,
      "f":0.0
    },
    "fixed":{
      "p":0.0,
      "r":0.0,
      "f":0.0
    }
  },
  "lemma_acc":0.8168844825,
  "speed":2699.1744807183
}