{
  "token_acc":0.9998541976,
  "token_p":0.9982795323,
  "token_r":0.998862078,
  "token_f":0.9985707202,
  "tag_acc":0.5413426324,
  "pos_acc":0.9111124081,
  "morph_acc":0.7868096593,
  "morph_micro_p":0.9596040236,
  "morph_micro_r":0.8788844205,
  "morph_micro_f":0.9174722081,
  "morph_per_feat":{
    "Case":{
      "p":0.9665305684,
      "r":0.9629094412,
      "f":0.9647166068
    },
    "Gender":{
      "p":0.9219625162,
      "r":0.9205248158,
      "f":0.9212431051
    },
    "Number":{
      "p":0.9848328934,
      "r":0.9797044686,
      "f":0.9822619871
    },
    "Aspect":{
      "p":0.9344413666,
      "r":0.4812173086,
      "f":0.6352793471
    },
    "Mood":{
      "p":0.9649263722,
      "r":0.9536914528,
      "f":0.9592760181
    },
    "Person":{
      "p":0.9647452393,
      "r":0.7843096234,
      "f":0.8652204016
    },
    "Tense":{
      "p":0.9486423584,
      "r":0.9452690167,
      "f":0.9469526833
    },
    "VerbForm":{
      "p":0.9809154383,
      "r":0.9778808971,
      "f":0.9793958172
    },
    "Voice":{
      "p":0.9489447548,
      "r":0.945423624,
      "f":0.947180917
    },
    "PronType":{
      "p":0.0,
      "r":0.0,
      "f":0.0
    },
    "Degree":{
      "p":0.9189189189,
      "r":0.1188811189,
      "f":0.2105263158
    },
    "Definite":{
      "p":0.0,
      "r":0.0,
      "f":0.0
    },
    "Reflex":{
      "p":0.0,
      "r":0.0,
      "f":0.0
    },
    "Polarity":{
      "p":0.0,
      "r":0.0,
      "f":0.0
    },
    "Poss":{
      "p":0.0,
      "r":0.0,
      "f":0.0
    }
  },
  "sents_p":0.875,
  "sents_r":0.5444113897,
  "sents_f":0.6712077548,
  "dep_uas":0.7171484528,
  "dep_las":0.616927271,
  "dep_las_per_type":{
    "iobj":{
      "p":0.6043165468,
      "r":0.3134328358,
      "f":0.4127764128
    },
    "root":{
      "p":0.9104579631,
      "r":0.5660858479,
      "f":0.6981132075
    },
    "nsubj":{
      "p":0.6522539098,
      "r":0.6353046595,
      "f":0.6436677258
    },
    "advmod":{
      "p":0.5394544569,
      "r":0.6724347298,
      "f":0.5986486486
    },
    "advcl":{
      "p":0.567535545,
      "r":0.598376015,
      "f":0.5825478869
    },
    "ccomp":{
      "p":0.406122449,
      "r":0.4671361502,
      "f":0.4344978166
    },
    "discourse":{
      "p":0.8181818182,
      "r":0.0473684211,
      "f":0.0895522388
    },
    "obj":{
      "p":0.6079016027,
      "r":0.6748034754,
      "f":0.6396078431
    },
    "det":{
      "p":0.8614615568,
      "r":0.7744489621,
      "f":0.815641199
    },
    "nmod":{
      "p":0.4524193548,
      "r":0.6075812274,
      "f":0.5186440678
    },
    "cop":{
      "p":0.612033195,
      "r":0.5971659919,
      "f":0.6045081967
    },
    "appos":{
      "p":0.1111111111,
      "r":0.0362694301,
      "f":0.0546875
    },
    "case":{
      "p":0.9145664246,
      "r":0.9220499569,
      "f":0.9182929445
    },
    "acl":{
      "p":0.3257575758,
      "r":0.2905405405,
      "f":0.3071428571
    },
    "mark":{
      "p":0.7888513514,
      "r":0.8309608541,
      "f":0.8093587522
    },
    "obl":{
      "p":0.6115775519,
      "r":0.6319634703,
      "f":0.6216034134
    },
    "nsubj:pass":{
      "p":0.0,
      "r":0.0,
      "f":0.0
    },
    "xcomp":{
      "p":0.3582554517,
      "r":0.4533508541,
      "f":0.4002320186
    },
    "cc":{
      "p":0.5086666667,
      "r":0.4590854392,
      "f":0.4826059456
    },
    "conj":{
      "p":0.4533479693,
      "r":0.5423506238,
      "f":0.4938714499
    },
    "dislocated":{
      "p":0.0,
      "r":0.0,
      "f":0.0
    },
    "amod":{
      "p":0.2480620155,
      "r":0.0886426593,
      "f":0.1306122449
    },
    "parataxis":{
      "p":0.625,
      "r":0.1724137931,
      "f":0.2702702703
    },
    "dep":{
      "p":0.0,
      "r":0.0,
      "f":0.0
    },
    "nummod":{
      "p":0.4642857143,
      "r":0.1780821918,
      "f":0.2574257426
    },
    "csubj:pass":{
      "p":0.0,
      "r":0.0,
      "f":0.0
    },
    "obl:agent":{
      "p":0.0,
      "r":0.0,
      "f":0.0
    },
    "orphan":{
      "p":0.0,
      "r":0.0,
      "f":0.0
    },
    "vocative":{
      "p":0.5568181818,
      "r":0.3450704225,
      "f":0.4260869565
    },
    "csubj":{
      "p":0.2285714286,
      "r":0.4102564103,
      "f":0.2935779817
    },
    "aux":{
      "p":0.0,
      "r":0.0,
      "f":0.0
    },
    "aux:pass":{
      "p":0.0,
      "r":0.0,
      "f":0.0
    },
    "flat:name":{
      "p":0.0,
      "r":0.0,
      "f":0.0
    },
    "fixed":{
      "p":0.0,
      "r":0.0,
      "f":0.0
    }
  },
  "lemma_acc":0.860372515,
  "speed":213.6474901343
}