{
  "token_acc":0.99976153,
  "token_p":0.9983307102,
  "token_r":0.9987117706,
  "token_f":0.998521204,
  "tag_acc":0.8852670262,
  "pos_acc":0.9500310218,
  "morph_acc":0.9197728249,
  "morph_micro_p":0.9584165003,
  "morph_micro_r":0.951989426,
  "morph_micro_f":0.955192152,
  "morph_per_feat":{
    "Mood":{
      "p":0.9643206256,
      "r":0.9568380213,
      "f":0.9605647517
    },
    "Number":{
      "p":0.9799279859,
      "r":0.9728475814,
      "f":0.9763749475
    },
    "Person":{
      "p":0.9532136106,
      "r":0.9381395349,
      "f":0.9456165026
    },
    "Tense":{
      "p":0.9382550336,
      "r":0.9375,
      "f":0.9378773648
    },
    "VerbForm":{
      "p":0.972885906,
      "r":0.9731471536,
      "f":0.9730165123
    },
    "Voice":{
      "p":0.9672483221,
      "r":0.9664699571,
      "f":0.966858983
    },
    "Case":{
      "p":0.9603852444,
      "r":0.9538850284,
      "f":0.9571241001
    },
    "Gender":{
      "p":0.9310030948,
      "r":0.9251085384,
      "f":0.9280464568
    },
    "Aspect":{
      "p":0.9365325077,
      "r":0.8949704142,
      "f":0.915279879
    },
    "Degree":{
      "p":0.9594594595,
      "r":0.7553191489,
      "f":0.8452380952
    }
  },
  "sents_p":0.9786259542,
  "sents_r":0.9816232772,
  "sents_f":0.9801223242,
  "dep_uas":0.7671092952,
  "dep_las":0.7031342401,
  "dep_las_per_type":{
    "root":{
      "p":0.9144385027,
      "r":0.9165390505,
      "f":0.9154875717
    },
    "advmod":{
      "p":0.7174082748,
      "r":0.7140637141,
      "f":0.7157320872
    },
    "nsubj":{
      "p":0.7280564263,
      "r":0.6932835821,
      "f":0.7102446483
    },
    "det":{
      "p":0.8603964572,
      "r":0.8521303258,
      "f":0.8562434418
    },
    "nmod":{
      "p":0.621350365,
      "r":0.6047957371,
      "f":0.6129612961
    },
    "obj":{
      "p":0.6346516008,
      "r":0.6695364238,
      "f":0.6516274573
    },
    "advcl":{
      "p":0.647761194,
      "r":0.6523046092,
      "f":0.6500249626
    },
    "cc":{
      "p":0.6562986003,
      "r":0.6472392638,
      "f":0.6517374517
    },
    "conj":{
      "p":0.6278409091,
      "r":0.5869853918,
      "f":0.6067261496
    },
    "amod":{
      "p":0.1833333333,
      "r":0.075862069,
      "f":0.1073170732
    },
    "cop":{
      "p":0.6317689531,
      "r":0.6205673759,
      "f":0.626118068
    },
    "obl":{
      "p":0.6332357247,
      "r":0.6205164993,
      "f":0.6268115942
    },
    "case":{
      "p":0.8947730399,
      "r":0.9015939016,
      "f":0.8981705212
    },
    "xcomp":{
      "p":0.3910034602,
      "r":0.43378119,
      "f":0.4112829845
    },
    "csubj":{
      "p":0.3333333333,
      "r":0.3333333333,
      "f":0.3333333333
    },
    "mark":{
      "p":0.874617737,
      "r":0.8265895954,
      "f":0.8499257058
    },
    "ccomp":{
      "p":0.6244725738,
      "r":0.5606060606,
      "f":0.5908183633
    },
    "acl":{
      "p":0.3865546218,
      "r":0.3484848485,
      "f":0.3665338645
    },
    "appos":{
      "p":0.1555555556,
      "r":0.2413793103,
      "f":0.1891891892
    },
    "dep":{
      "p":0.0,
      "r":0.0,
      "f":0.0
    },
    "discourse":{
      "p":0.78125,
      "r":0.7575757576,
      "f":0.7692307692
    },
    "vocative":{
      "p":0.6111111111,
      "r":0.5432098765,
      "f":0.5751633987
    },
    "iobj":{
      "p":0.3711340206,
      "r":0.3636363636,
      "f":0.3673469388
    },
    "parataxis":{
      "p":0.4,
      "r":0.4444444444,
      "f":0.4210526316
    },
    "nummod":{
      "p":0.0,
      "r":0.0,
      "f":0.0
    }
  },
  "lemma_acc":0.8256482431,
  "speed":208.7649496477
}