{
  "token_acc":1.0,
  "token_p":0.9981990095,
  "token_r":0.9990986931,
  "token_f":0.9986486486,
  "tag_acc":0.0,
  "pos_acc":0.8487533794,
  "morph_acc":0.5743578188,
  "morph_micro_p":0.9582034881,
  "morph_micro_r":0.7914785043,
  "morph_micro_f":0.8668974898,
  "morph_per_feat":{
    "Case":{
      "p":0.9695178032,
      "r":0.9705379455,
      "f":0.9700276062
    },
    "Gender":{
      "p":0.9045857011,
      "r":0.9077045485,
      "f":0.9061424411
    },
    "Number":{
      "p":0.990422899,
      "r":0.9875536481,
      "f":0.9889861924
    },
    "Aspect":{
      "p":0.9407582938,
      "r":0.2782060266,
      "f":0.4294213088
    },
    "Mood":{
      "p":0.9619274242,
      "r":0.9417588818,
      "f":0.9517363155
    },
    "Person":{
      "p":0.9817174515,
      "r":0.6737642586,
      "f":0.7990980834
    },
    "Tense":{
      "p":0.9577826725,
      "r":0.952189781,
      "f":0.9549780381
    },
    "VerbForm":{
      "p":0.9856828194,
      "r":0.9795695002,
      "f":0.9826166514
    },
    "Voice":{
      "p":0.9228791774,
      "r":0.9171532847,
      "f":0.920007322
    },
    "PronType":{
      "p":0.0,
      "r":0.0,
      "f":0.0
    },
    "Degree":{
      "p":1.0,
      "r":0.0418848168,
      "f":0.0804020101
    },
    "Definite":{
      "p":0.0,
      "r":0.0,
      "f":0.0
    },
    "Reflex":{
      "p":0.0,
      "r":0.0,
      "f":0.0
    },
    "Polarity":{
      "p":0.0,
      "r":0.0,
      "f":0.0
    },
    "Poss":{
      "p":0.0,
      "r":0.0,
      "f":0.0
    }
  },
  "sents_p":0.0208333333,
  "sents_r":0.0028653295,
  "sents_f":0.0050377834,
  "dep_uas":0.6454883407,
  "dep_las":0.4871968161,
  "dep_las_per_type":{
    "iobj":{
      "p":0.7543859649,
      "r":0.295194508,
      "f":0.4243421053
    },
    "root":{
      "p":0.8680555556,
      "r":0.1193887297,
      "f":0.2099076406
    },
    "nsubj":{
      "p":0.5493460166,
      "r":0.5179372197,
      "f":0.5331794576
    },
    "advmod":{
      "p":0.2358078603,
      "r":0.525,
      "f":0.3254412398
    },
    "advcl":{
      "p":0.4618834081,
      "r":0.5124378109,
      "f":0.4858490566
    },
    "ccomp":{
      "p":0.141221374,
      "r":0.2283950617,
      "f":0.1745283019
    },
    "discourse":{
      "p":0.9090909091,
      "r":0.0137551582,
      "f":0.027100271
    },
    "obj":{
      "p":0.5624461671,
      "r":0.7199558986,
      "f":0.6315280464
    },
    "det":{
      "p":0.857220119,
      "r":0.6954804739,
      "f":0.7679263566
    },
    "nmod":{
      "p":0.22265625,
      "r":0.6602316602,
      "f":0.3330087634
    },
    "cop":{
      "p":0.5545023697,
      "r":0.5518867925,
      "f":0.5531914894
    },
    "appos":{
      "p":0.0,
      "r":0.0,
      "f":0.0
    },
    "case":{
      "p":0.9369369369,
      "r":0.9465301479,
      "f":0.9417091115
    },
    "acl":{
      "p":0.2427745665,
      "r":0.256097561,
      "f":0.2492581602
    },
    "mark":{
      "p":0.6692015209,
      "r":0.8148148148,
      "f":0.7348643006
    },
    "obl":{
      "p":0.5683615819,
      "r":0.6319095477,
      "f":0.5984533016
    },
    "nsubj:pass":{
      "p":0.0,
      "r":0.0,
      "f":0.0
    },
    "xcomp":{
      "p":0.3260273973,
      "r":0.4958333333,
      "f":0.3933884298
    },
    "cc":{
      "p":0.3718791064,
      "r":0.2801980198,
      "f":0.31959345
    },
    "conj":{
      "p":0.3178155774,
      "r":0.461038961,
      "f":0.3762586116
    },
    "dislocated":{
      "p":0.0,
      "r":0.0,
      "f":0.0
    },
    "amod":{
      "p":0.1486486486,
      "r":0.0509259259,
      "f":0.075862069
    },
    "parataxis":{
      "p":0.0,
      "r":0.0,
      "f":0.0
    },
    "dep":{
      "p":0.0,
      "r":0.0,
      "f":0.0
    },
    "nummod":{
      "p":0.8333333333,
      "r":0.0714285714,
      "f":0.1315789474
    },
    "csubj:pass":{
      "p":0.0,
      "r":0.0,
      "f":0.0
    },
    "obl:agent":{
      "p":0.0,
      "r":0.0,
      "f":0.0
    },
    "orphan":{
      "p":0.0,
      "r":0.0,
      "f":0.0
    },
    "vocative":{
      "p":0.75,
      "r":0.2459016393,
      "f":0.3703703704
    },
    "csubj":{
      "p":0.0,
      "r":0.0,
      "f":0.0
    },
    "aux":{
      "p":0.0,
      "r":0.0,
      "f":0.0
    },
    "aux:pass":{
      "p":0.0,
      "r":0.0,
      "f":0.0
    },
    "flat:name":{
      "p":0.0,
      "r":0.0,
      "f":0.0
    },
    "fixed":{
      "p":0.0,
      "r":0.0,
      "f":0.0
    }
  },
  "lemma_acc":0.9135885886,
  "speed":215.094788466
}