{
  "token_acc":0.9998541976,
  "token_p":0.9982795323,
  "token_r":0.998862078,
  "token_f":0.9985707202,
  "tag_acc":0.7469288903,
  "pos_acc":0.8965215361,
  "morph_acc":0.8174681919,
  "morph_micro_p":0.9001692921,
  "morph_micro_r":0.9108789889,
  "morph_micro_f":0.9054924744,
  "morph_per_feat":{
    "Case":{
      "p":0.9280327516,
      "r":0.9220723614,
      "f":0.9250429553
    },
    "Gender":{
      "p":0.8748715174,
      "r":0.8696026241,
      "f":0.8722291139
    },
    "Number":{
      "p":0.9658999373,
      "r":0.960655154,
      "f":0.9632704066
    },
    "Aspect":{
      "p":0.7444061962,
      "r":0.8226343319,
      "f":0.781567653
    },
    "Mood":{
      "p":0.9088025377,
      "r":0.909764488,
      "f":0.9092832584
    },
    "Person":{
      "p":0.9141657922,
      "r":0.9112970711,
      "f":0.9127291776
    },
    "Tense":{
      "p":0.842883549,
      "r":0.8460111317,
      "f":0.8444444444
    },
    "VerbForm":{
      "p":0.9300677757,
      "r":0.9339520495,
      "f":0.9320058656
    },
    "Voice":{
      "p":0.893220339,
      "r":0.8962585034,
      "f":0.8947368421
    },
    "PronType":{
      "p":0.7790502793,
      "r":0.9327759197,
      "f":0.8490106545
    },
    "Degree":{
      "p":0.6632653061,
      "r":0.7575757576,
      "f":0.7072905332
    },
    "Definite":{
      "p":0.7344902386,
      "r":0.9431754875,
      "f":0.8258536585
    },
    "Reflex":{
      "p":0.8,
      "r":0.8695652174,
      "f":0.8333333333
    },
    "Polarity":{
      "p":0.995215311,
      "r":0.9411764706,
      "f":0.9674418605
    },
    "Poss":{
      "p":0.8888888889,
      "r":0.6153846154,
      "f":0.7272727273
    }
  },
  "sents_p":0.6724990491,
  "sents_r":0.7513812155,
  "sents_f":0.7097551184,
  "dep_uas":0.6831338889,
  "dep_las":0.6080664108,
  "dep_las_per_type":{
    "iobj":{
      "p":0.507826087,
      "r":0.5447761194,
      "f":0.5256525653
    },
    "root":{
      "p":0.7229832572,
      "r":0.807479813,
      "f":0.7628990163
    },
    "nsubj":{
      "p":0.5696634001,
      "r":0.5990143369,
      "f":0.5839702992
    },
    "advmod":{
      "p":0.5898859081,
      "r":0.580752884,
      "f":0.5852837693
    },
    "advcl":{
      "p":0.5117883841,
      "r":0.5559025609,
      "f":0.5329341317
    },
    "ccomp":{
      "p":0.4213483146,
      "r":0.3521126761,
      "f":0.3836317136
    },
    "discourse":{
      "p":0.6996148909,
      "r":0.7171052632,
      "f":0.7082521118
    },
    "obj":{
      "p":0.5202038588,
      "r":0.591228796,
      "f":0.5534469404
    },
    "det":{
      "p":0.8108510638,
      "r":0.8155360582,
      "f":0.8131868132
    },
    "nmod":{
      "p":0.4917030568,
      "r":0.4064981949,
      "f":0.4450592885
    },
    "cop":{
      "p":0.6155339806,
      "r":0.6417004049,
      "f":0.6283448959
    },
    "appos":{
      "p":0.2666666667,
      "r":0.1243523316,
      "f":0.1696113074
    },
    "case":{
      "p":0.8720379147,
      "r":0.87166236,
      "f":0.8718500969
    },
    "acl":{
      "p":0.3055555556,
      "r":0.222972973,
      "f":0.2578125
    },
    "mark":{
      "p":0.8020408163,
      "r":0.6992882562,
      "f":0.747148289
    },
    "obl":{
      "p":0.5493465525,
      "r":0.5566210046,
      "f":0.5529598548
    },
    "nsubj:pass":{
      "p":0.4337349398,
      "r":0.3789473684,
      "f":0.404494382
    },
    "xcomp":{
      "p":0.3546875,
      "r":0.2982917214,
      "f":0.324054247
    },
    "cc":{
      "p":0.4623714131,
      "r":0.5138387485,
      "f":0.4867483614
    },
    "conj":{
      "p":0.4511558538,
      "r":0.397242285,
      "f":0.4224860335
    },
    "dislocated":{
      "p":0.0,
      "r":0.0,
      "f":0.0
    },
    "amod":{
      "p":0.4192439863,
      "r":0.3379501385,
      "f":0.3742331288
    },
    "parataxis":{
      "p":0.0434782609,
      "r":0.0344827586,
      "f":0.0384615385
    },
    "orphan":{
      "p":0.0434782609,
      "r":0.0285714286,
      "f":0.0344827586
    },
    "dep":{
      "p":0.0,
      "r":0.0,
      "f":0.0
    },
    "nummod":{
      "p":0.4684684685,
      "r":0.7123287671,
      "f":0.5652173913
    },
    "csubj":{
      "p":0.2608695652,
      "r":0.1538461538,
      "f":0.1935483871
    },
    "csubj:pass":{
      "p":0.0,
      "r":0.0,
      "f":0.0
    },
    "obl:agent":{
      "p":0.3333333333,
      "r":0.0909090909,
      "f":0.1428571429
    },
    "fixed":{
      "p":0.25,
      "r":0.5,
      "f":0.3333333333
    },
    "vocative":{
      "p":0.4920634921,
      "r":0.4366197183,
      "f":0.4626865672
    },
    "aux":{
      "p":0.0,
      "r":0.0,
      "f":0.0
    },
    "aux:pass":{
      "p":0.0,
      "r":0.0,
      "f":0.0
    },
    "flat:name":{
      "p":0.5,
      "r":0.4285714286,
      "f":0.4615384615
    }
  },
  "lemma_acc":0.8569011537,
  "speed":641.9939414936
}