{
  "token_acc":0.99976153,
  "token_p":0.9983307102,
  "token_r":0.9987117706,
  "token_f":0.998521204,
  "tag_acc":0.6417102092,
  "pos_acc":0.8613629856,
  "morph_acc":0.7918297222,
  "morph_micro_p":0.8642662941,
  "morph_micro_r":0.8897506171,
  "morph_micro_f":0.8768233232,
  "morph_per_feat":{
    "Mood":{
      "p":0.889261745,
      "r":0.8996120272,
      "f":0.8944069431
    },
    "Number":{
      "p":0.9546186278,
      "r":0.9471402495,
      "f":0.9508647349
    },
    "Person":{
      "p":0.8623853211,
      "r":0.8744186047,
      "f":0.8683602771
    },
    "Tense":{
      "p":0.8031391327,
      "r":0.8098175966,
      "f":0.8064645385
    },
    "VerbForm":{
      "p":0.905027933,
      "r":0.9135338346,
      "f":0.9092609916
    },
    "Voice":{
      "p":0.879691243,
      "r":0.8865343348,
      "f":0.8830995324
    },
    "Case":{
      "p":0.9124920157,
      "r":0.9024456277,
      "f":0.9074410163
    },
    "Gender":{
      "p":0.8550114416,
      "r":0.8448806078,
      "f":0.8499158364
    },
    "Definite":{
      "p":0.0,
      "r":0.0,
      "f":0.0
    },
    "PronType":{
      "p":0.0,
      "r":0.0,
      "f":0.0
    },
    "Degree":{
      "p":0.0988142292,
      "r":0.2659574468,
      "f":0.144092219
    },
    "Aspect":{
      "p":0.5351351351,
      "r":0.7322485207,
      "f":0.6183635228
    },
    "Reflex":{
      "p":0.0,
      "r":0.0,
      "f":0.0
    },
    "Poss":{
      "p":0.0,
      "r":0.0,
      "f":0.0
    }
  },
  "sents_p":0.9534883721,
  "sents_r":0.9732006126,
  "sents_f":0.9632436529,
  "dep_uas":0.6510265506,
  "dep_las":0.56523258,
  "dep_las_per_type":{
    "root":{
      "p":0.8145645646,
      "r":0.8307810107,
      "f":0.8225928734
    },
    "advmod":{
      "p":0.5919773096,
      "r":0.5675990676,
      "f":0.5795319318
    },
    "nsubj":{
      "p":0.5414878398,
      "r":0.5649253731,
      "f":0.5529583638
    },
    "det":{
      "p":0.7320910973,
      "r":0.738512949,
      "f":0.7352880017
    },
    "nmod":{
      "p":0.4605626034,
      "r":0.3707815275,
      "f":0.4108241082
    },
    "obj":{
      "p":0.4559952747,
      "r":0.5112582781,
      "f":0.4820480799
    },
    "advcl":{
      "p":0.4824482448,
      "r":0.5370741483,
      "f":0.5082977715
    },
    "cc":{
      "p":0.4014002334,
      "r":0.527607362,
      "f":0.4559310802
    },
    "conj":{
      "p":0.4230271669,
      "r":0.4342629482,
      "f":0.4285714286
    },
    "amod":{
      "p":0.0714285714,
      "r":0.0482758621,
      "f":0.0576131687
    },
    "cop":{
      "p":0.5868055556,
      "r":0.5992907801,
      "f":0.5929824561
    },
    "obl":{
      "p":0.5035868006,
      "r":0.5035868006,
      "f":0.5035868006
    },
    "case":{
      "p":0.8398328691,
      "r":0.8357588358,
      "f":0.8377908996
    },
    "xcomp":{
      "p":0.301369863,
      "r":0.2533589251,
      "f":0.275286757
    },
    "csubj":{
      "p":0.2692307692,
      "r":0.1794871795,
      "f":0.2153846154
    },
    "mark":{
      "p":0.7913669065,
      "r":0.6358381503,
      "f":0.7051282051
    },
    "ccomp":{
      "p":0.4494382022,
      "r":0.303030303,
      "f":0.3619909502
    },
    "discourse":{
      "p":0.3150684932,
      "r":0.696969697,
      "f":0.4339622642
    },
    "iobj":{
      "p":0.1700680272,
      "r":0.2525252525,
      "f":0.2032520325
    },
    "dep":{
      "p":0.0,
      "r":0.0,
      "f":0.0
    },
    "acl":{
      "p":0.252173913,
      "r":0.2196969697,
      "f":0.2348178138
    },
    "vocative":{
      "p":0.3797468354,
      "r":0.3703703704,
      "f":0.375
    },
    "nummod":{
      "p":0.0227272727,
      "r":0.3333333333,
      "f":0.0425531915
    },
    "appos":{
      "p":0.0,
      "r":0.0,
      "f":0.0
    },
    "nsubj:pass":{
      "p":0.0,
      "r":0.0,
      "f":0.0
    },
    "parataxis":{
      "p":0.0454545455,
      "r":0.1111111111,
      "f":0.064516129
    },
    "obl:agent":{
      "p":0.0,
      "r":0.0,
      "f":0.0
    },
    "csubj:pass":{
      "p":0.0,
      "r":0.0,
      "f":0.0
    },
    "fixed":{
      "p":0.0,
      "r":0.0,
      "f":0.0
    }
  },
  "lemma_acc":0.8025094821,
  "speed":622.6251118481
}