{
  "token_acc":1.0,
  "token_p":0.9981990095,
  "token_r":0.9990986931,
  "token_f":0.9986486486,
  "tag_acc":0.9116376882,
  "pos_acc":0.9509538831,
  "morph_acc":0.8566922037,
  "morph_micro_p":0.9429378145,
  "morph_micro_r":0.9350388367,
  "morph_micro_f":0.9389717136,
  "morph_per_feat":{
    "Case":{
      "p":0.9502631579,
      "r":0.949888202,
      "f":0.950075643
    },
    "Gender":{
      "p":0.9028457975,
      "r":0.9045219467,
      "f":0.9036830949
    },
    "Number":{
      "p":0.9812923342,
      "r":0.9792918455,
      "f":0.9802910692
    },
    "Aspect":{
      "p":0.8843390805,
      "r":0.8626489138,
      "f":0.8733593473
    },
    "Mood":{
      "p":0.9318448884,
      "r":0.9237041351,
      "f":0.927756654
    },
    "Person":{
      "p":0.9571428571,
      "r":0.9425855513,
      "f":0.9498084291
    },
    "Tense":{
      "p":0.8983546618,
      "r":0.8967153285,
      "f":0.8975342466
    },
    "VerbForm":{
      "p":0.9638025594,
      "r":0.9616928128,
      "f":0.9627465303
    },
    "Voice":{
      "p":0.9100548446,
      "r":0.9083941606,
      "f":0.9092237443
    },
    "PronType":{
      "p":0.9748339741,
      "r":0.9327759197,
      "f":0.9533413092
    },
    "Degree":{
      "p":0.8608815427,
      "r":0.8180628272,
      "f":0.8389261745
    },
    "Definite":{
      "p":0.9808806489,
      "r":0.9431754875,
      "f":0.9616586197
    },
    "Reflex":{
      "p":0.9523809524,
      "r":0.8695652174,
      "f":0.9090909091
    },
    "Polarity":{
      "p":0.995215311,
      "r":0.9411764706,
      "f":0.9674418605
    },
    "Poss":{
      "p":1.0,
      "r":0.6153846154,
      "f":0.7619047619
    }
  },
  "sents_p":0.3837837838,
  "sents_r":0.4746895893,
  "sents_f":0.4244235696,
  "dep_uas":0.729402929,
  "dep_las":0.6693203154,
  "dep_las_per_type":{
    "iobj":{
      "p":0.6297169811,
      "r":0.6109839817,
      "f":0.6202090592
    },
    "root":{
      "p":0.6308880309,
      "r":0.7803247373,
      "f":0.6976942784
    },
    "nsubj":{
      "p":0.6118769883,
      "r":0.6468609865,
      "f":0.6288828338
    },
    "advmod":{
      "p":0.5840821566,
      "r":0.6319444444,
      "f":0.6070713809
    },
    "advcl":{
      "p":0.5505617978,
      "r":0.5688225539,
      "f":0.55954323
    },
    "ccomp":{
      "p":0.384180791,
      "r":0.4197530864,
      "f":0.401179941
    },
    "discourse":{
      "p":0.7453769559,
      "r":0.7207702889,
      "f":0.7328671329
    },
    "obj":{
      "p":0.6261770245,
      "r":0.7331863286,
      "f":0.6754697816
    },
    "det":{
      "p":0.8976723759,
      "r":0.8968845985,
      "f":0.8972783143
    },
    "nmod":{
      "p":0.5975609756,
      "r":0.5675675676,
      "f":0.5821782178
    },
    "cop":{
      "p":0.6563876652,
      "r":0.7028301887,
      "f":0.6788154897
    },
    "appos":{
      "p":0.380952381,
      "r":0.1463414634,
      "f":0.2114537445
    },
    "case":{
      "p":0.9230769231,
      "r":0.9283276451,
      "f":0.9256948383
    },
    "acl":{
      "p":0.3904761905,
      "r":0.25,
      "f":0.3048327138
    },
    "mark":{
      "p":0.8101851852,
      "r":0.8101851852,
      "f":0.8101851852
    },
    "obl":{
      "p":0.6210653753,
      "r":0.6444723618,
      "f":0.6325524044
    },
    "nsubj:pass":{
      "p":0.48,
      "r":0.3789473684,
      "f":0.4235294118
    },
    "xcomp":{
      "p":0.4824120603,
      "r":0.4,
      "f":0.437357631
    },
    "cc":{
      "p":0.5238095238,
      "r":0.5118811881,
      "f":0.517776665
    },
    "conj":{
      "p":0.4973544974,
      "r":0.3662337662,
      "f":0.4218399402
    },
    "dislocated":{
      "p":0.0,
      "r":0.0,
      "f":0.0
    },
    "amod":{
      "p":0.6117021277,
      "r":0.5324074074,
      "f":0.5693069307
    },
    "parataxis":{
      "p":0.0,
      "r":0.0,
      "f":0.0
    },
    "orphan":{
      "p":0.0434782609,
      "r":0.0285714286,
      "f":0.0344827586
    },
    "dep":{
      "p":0.0,
      "r":0.0,
      "f":0.0
    },
    "nummod":{
      "p":0.7391304348,
      "r":0.7285714286,
      "f":0.7338129496
    },
    "csubj":{
      "p":0.0,
      "r":0.0,
      "f":0.0
    },
    "csubj:pass":{
      "p":0.0,
      "r":0.0,
      "f":0.0
    },
    "obl:agent":{
      "p":0.6666666667,
      "r":0.0909090909,
      "f":0.16
    },
    "fixed":{
      "p":0.3636363636,
      "r":0.5,
      "f":0.4210526316
    },
    "vocative":{
      "p":0.6734693878,
      "r":0.5409836066,
      "f":0.6
    },
    "aux":{
      "p":0.0,
      "r":0.0,
      "f":0.0
    },
    "aux:pass":{
      "p":0.0,
      "r":0.0,
      "f":0.0
    },
    "flat:name":{
      "p":0.5,
      "r":0.4285714286,
      "f":0.4615384615
    }
  },
  "lemma_acc":0.9424174174,
  "speed":658.876392282
}