{
  "token_acc":0.9998541976,
  "token_p":0.9982795323,
  "token_r":0.998862078,
  "token_f":0.9985707202,
  "tag_acc":0.9255865531,
  "pos_acc":0.9630256515,
  "morph_acc":0.9289424536,
  "morph_micro_p":0.9699479909,
  "morph_micro_r":0.9662296966,
  "morph_micro_f":0.9680852734,
  "morph_per_feat":{
    "Case":{
      "p":0.9730281539,
      "r":0.9692785271,
      "f":0.9711497211
    },
    "Gender":{
      "p":0.9384971971,
      "r":0.9362262731,
      "f":0.9373603596
    },
    "Number":{
      "p":0.9868626838,
      "r":0.9829535339,
      "f":0.9849042299
    },
    "Aspect":{
      "p":0.9618866127,
      "r":0.9600570613,
      "f":0.9609709662
    },
    "Mood":{
      "p":0.9742569002,
      "r":0.9714210108,
      "f":0.9728368888
    },
    "Person":{
      "p":0.9704703649,
      "r":0.9625523013,
      "f":0.9664951161
    },
    "Tense":{
      "p":0.9644409938,
      "r":0.9602659246,
      "f":0.9623489309
    },
    "VerbForm":{
      "p":0.9855590062,
      "r":0.9817478732,
      "f":0.9836497482
    },
    "Voice":{
      "p":0.9729813665,
      "r":0.9687693259,
      "f":0.9708707778
    },
    "PronType":{
      "p":0.986204576,
      "r":0.9802675585,
      "f":0.983227105
    },
    "Degree":{
      "p":0.9271676301,
      "r":0.9347319347,
      "f":0.9309344167
    },
    "Definite":{
      "p":0.9938340807,
      "r":0.9877437326,
      "f":0.9907795474
    },
    "Reflex":{
      "p":1.0,
      "r":1.0,
      "f":1.0
    },
    "Polarity":{
      "p":1.0,
      "r":0.9864253394,
      "f":0.993166287
    },
    "Poss":{
      "p":0.9166666667,
      "r":0.8461538462,
      "f":0.88
    }
  },
  "sents_p":0.8272536688,
  "sents_r":0.8385040374,
  "sents_f":0.8328408611,
  "dep_uas":0.8074072914,
  "dep_las":0.7570734764,
  "dep_las_per_type":{
    "iobj":{
      "p":0.6998123827,
      "r":0.6958955224,
      "f":0.6978484565
    },
    "root":{
      "p":0.8829697987,
      "r":0.8946026349,
      "f":0.8887481528
    },
    "nsubj":{
      "p":0.7720655141,
      "r":0.7603046595,
      "f":0.7661399549
    },
    "advmod":{
      "p":0.737280296,
      "r":0.7258652095,
      "f":0.731528224
    },
    "advcl":{
      "p":0.7104607721,
      "r":0.7126795753,
      "f":0.711568444
    },
    "ccomp":{
      "p":0.584295612,
      "r":0.5938967136,
      "f":0.5890570431
    },
    "discourse":{
      "p":0.8377308707,
      "r":0.8355263158,
      "f":0.836627141
    },
    "obj":{
      "p":0.7415547416,
      "r":0.7538270583,
      "f":0.7476405416
    },
    "det":{
      "p":0.9091887239,
      "r":0.9041301091,
      "f":0.9066523605
    },
    "nmod":{
      "p":0.6688066465,
      "r":0.6393501805,
      "f":0.65374677
    },
    "cop":{
      "p":0.7385229541,
      "r":0.7489878543,
      "f":0.743718593
    },
    "appos":{
      "p":0.40625,
      "r":0.3367875648,
      "f":0.3682719547
    },
    "case":{
      "p":0.9274989275,
      "r":0.9310938846,
      "f":0.9292929293
    },
    "acl":{
      "p":0.5160142349,
      "r":0.4898648649,
      "f":0.5025996534
    },
    "mark":{
      "p":0.889483066,
      "r":0.8879003559,
      "f":0.8886910062
    },
    "obl":{
      "p":0.6991720331,
      "r":0.6940639269,
      "f":0.6966086159
    },
    "nsubj:pass":{
      "p":0.7717391304,
      "r":0.7473684211,
      "f":0.7593582888
    },
    "xcomp":{
      "p":0.5245033113,
      "r":0.5203679369,
      "f":0.5224274406
    },
    "cc":{
      "p":0.6913432836,
      "r":0.6967509025,
      "f":0.6940365598
    },
    "conj":{
      "p":0.6612794613,
      "r":0.6447800394,
      "f":0.6529255319
    },
    "dislocated":{
      "p":0.1176470588,
      "r":0.0714285714,
      "f":0.0888888889
    },
    "amod":{
      "p":0.6549295775,
      "r":0.5152354571,
      "f":0.576744186
    },
    "parataxis":{
      "p":0.1,
      "r":0.1034482759,
      "f":0.1016949153
    },
    "dep":{
      "p":0.0,
      "r":0.0,
      "f":0.0
    },
    "nummod":{
      "p":0.7692307692,
      "r":0.8219178082,
      "f":0.7947019868
    },
    "fixed":{
      "p":0.1071428571,
      "r":0.75,
      "f":0.1875
    },
    "csubj":{
      "p":0.5,
      "r":0.358974359,
      "f":0.4179104478
    },
    "csubj:pass":{
      "p":0.25,
      "r":0.1428571429,
      "f":0.1818181818
    },
    "obl:agent":{
      "p":0.5714285714,
      "r":0.3636363636,
      "f":0.4444444444
    },
    "orphan":{
      "p":0.2432432432,
      "r":0.2571428571,
      "f":0.25
    },
    "vocative":{
      "p":0.6825396825,
      "r":0.6056338028,
      "f":0.6417910448
    },
    "aux":{
      "p":0.0,
      "r":0.0,
      "f":0.0
    },
    "aux:pass":{
      "p":0.0,
      "r":0.0,
      "f":0.0
    },
    "flat:name":{
      "p":1.0,
      "r":0.8571428571,
      "f":0.9230769231
    }
  },
  "lemma_acc":0.8754248042,
  "speed":140.8863099651
}