{
  "token_acc":0.99976153,
  "token_p":0.9983307102,
  "token_r":0.9987117706,
  "token_f":0.998521204,
  "tag_acc":0.8933804229,
  "pos_acc":0.9538968167,
  "morph_acc":0.9255953801,
  "morph_micro_p":0.9627652293,
  "morph_micro_r":0.9569265458,
  "morph_micro_f":0.9598370084,
  "morph_per_feat":{
    "Mood":{
      "p":0.966002914,
      "r":0.9645974782,
      "f":0.9652996845
    },
    "Number":{
      "p":0.9811739496,
      "r":0.9751292972,
      "f":0.978142285
    },
    "Person":{
      "p":0.9548235294,
      "r":0.9437209302,
      "f":0.9492397661
    },
    "Tense":{
      "p":0.9499057366,
      "r":0.946083691,
      "f":0.9479908614
    },
    "VerbForm":{
      "p":0.9789983845,
      "r":0.9763694952,
      "f":0.9776821726
    },
    "Voice":{
      "p":0.9752221923,
      "r":0.9712982833,
      "f":0.9732562828
    },
    "Case":{
      "p":0.9651162791,
      "r":0.9587582348,
      "f":0.9619267509
    },
    "Gender":{
      "p":0.937716263,
      "r":0.9314399421,
      "f":0.9345675651
    },
    "Aspect":{
      "p":0.9214501511,
      "r":0.9023668639,
      "f":0.9118086697
    },
    "Degree":{
      "p":0.8539325843,
      "r":0.8085106383,
      "f":0.8306010929
    },
    "PronType":{
      "p":0.0,
      "r":0.0,
      "f":0.0
    }
  },
  "sents_p":0.9756838906,
  "sents_r":0.9831546708,
  "sents_f":0.9794050343,
  "dep_uas":0.7880107527,
  "dep_las":0.7309139785,
  "dep_las_per_type":{
    "root":{
      "p":0.9292775665,
      "r":0.9356814701,
      "f":0.9324685235
    },
    "advmod":{
      "p":0.7296455006,
      "r":0.7276612277,
      "f":0.7286520132
    },
    "nsubj":{
      "p":0.7575301205,
      "r":0.7507462687,
      "f":0.7541229385
    },
    "det":{
      "p":0.8695286195,
      "r":0.8629908104,
      "f":0.8662473795
    },
    "nmod":{
      "p":0.6439888164,
      "r":0.6136767318,
      "f":0.6284674852
    },
    "obj":{
      "p":0.6891891892,
      "r":0.7092715232,
      "f":0.6990861619
    },
    "advcl":{
      "p":0.6956956957,
      "r":0.6963927856,
      "f":0.6960440661
    },
    "cc":{
      "p":0.7162367223,
      "r":0.7239263804,
      "f":0.7200610221
    },
    "conj":{
      "p":0.6807639836,
      "r":0.6626826029,
      "f":0.6716016151
    },
    "amod":{
      "p":0.3650793651,
      "r":0.1586206897,
      "f":0.2211538462
    },
    "cop":{
      "p":0.7122302158,
      "r":0.7021276596,
      "f":0.7071428571
    },
    "obl":{
      "p":0.6698741673,
      "r":0.6492109039,
      "f":0.6593806922
    },
    "case":{
      "p":0.9050589051,
      "r":0.9050589051,
      "f":0.9050589051
    },
    "xcomp":{
      "p":0.4511278195,
      "r":0.4606525912,
      "f":0.4558404558
    },
    "csubj":{
      "p":0.3714285714,
      "r":0.3333333333,
      "f":0.3513513514
    },
    "mark":{
      "p":0.8846153846,
      "r":0.8641618497,
      "f":0.8742690058
    },
    "ccomp":{
      "p":0.5953307393,
      "r":0.5795454545,
      "f":0.5873320537
    },
    "dep":{
      "p":0.0,
      "r":0.0,
      "f":0.0
    },
    "acl":{
      "p":0.416,
      "r":0.3939393939,
      "f":0.4046692607
    },
    "iobj":{
      "p":0.4285714286,
      "r":0.3636363636,
      "f":0.393442623
    },
    "discourse":{
      "p":0.8064516129,
      "r":0.7575757576,
      "f":0.78125
    },
    "vocative":{
      "p":0.6891891892,
      "r":0.6296296296,
      "f":0.6580645161
    },
    "appos":{
      "p":0.1,
      "r":0.1379310345,
      "f":0.115942029
    },
    "parataxis":{
      "p":0.2,
      "r":0.4444444444,
      "f":0.275862069
    },
    "fixed":{
      "p":0.0,
      "r":0.0,
      "f":0.0
    },
    "nummod":{
      "p":0.0,
      "r":0.0,
      "f":0.0
    },
    "dislocated":{
      "p":0.0,
      "r":0.0,
      "f":0.0
    },
    "obl:agent":{
      "p":0.0,
      "r":0.0,
      "f":0.0
    }
  },
  "lemma_acc":0.8319935116,
  "speed":161.6769162734
}