{
  "token_acc":1.0,
  "token_p":0.9981990095,
  "token_r":0.9990986931,
  "token_f":0.9986486486,
  "tag_acc":0.9785939612,
  "pos_acc":0.9781433078,
  "morph_acc":0.9345801412,
  "morph_micro_p":0.9787604221,
  "morph_micro_r":0.9780753251,
  "morph_micro_f":0.9784177537,
  "morph_per_feat":{
    "Case":{
      "p":0.9867122747,
      "r":0.986452716,
      "f":0.9865824783
    },
    "Gender":{
      "p":0.9383091149,
      "r":0.9419175176,
      "f":0.9401098537
    },
    "Number":{
      "p":0.9949527491,
      "r":0.9940987124,
      "f":0.9945255474
    },
    "Aspect":{
      "p":0.9811188811,
      "r":0.9831814996,
      "f":0.9821491075
    },
    "Mood":{
      "p":0.9824663939,
      "r":0.9790331974,
      "f":0.9807467911
    },
    "Person":{
      "p":0.9843451699,
      "r":0.9802281369,
      "f":0.9822823395
    },
    "Tense":{
      "p":0.9846153846,
      "r":0.9810218978,
      "f":0.9828153565
    },
    "VerbForm":{
      "p":0.995970696,
      "r":0.9919737322,
      "f":0.9939681959
    },
    "Voice":{
      "p":0.9736263736,
      "r":0.9700729927,
      "f":0.9718464351
    },
    "PronType":{
      "p":0.9865726754,
      "r":0.9829431438,
      "f":0.9847545653
    },
    "Degree":{
      "p":0.9356499356,
      "r":0.9515706806,
      "f":0.9435431538
    },
    "Definite":{
      "p":0.9938616071,
      "r":0.9922005571,
      "f":0.9930303875
    },
    "Reflex":{
      "p":1.0,
      "r":1.0,
      "f":1.0
    },
    "Polarity":{
      "p":1.0,
      "r":0.9864253394,
      "f":0.993166287
    },
    "Poss":{
      "p":0.9166666667,
      "r":0.8461538462,
      "f":0.88
    }
  },
  "sents_p":0.6403345725,
  "sents_r":0.6580706781,
  "sents_f":0.6490814885,
  "dep_uas":0.8317248113,
  "dep_las":0.7903413572,
  "dep_las_per_type":{
    "iobj":{
      "p":0.7613636364,
      "r":0.766590389,
      "f":0.763968073
    },
    "root":{
      "p":0.8215613383,
      "r":0.8443170965,
      "f":0.8327837965
    },
    "nsubj":{
      "p":0.8027210884,
      "r":0.7937219731,
      "f":0.7981961669
    },
    "advmod":{
      "p":0.7414050822,
      "r":0.6888888889,
      "f":0.7141828654
    },
    "advcl":{
      "p":0.731147541,
      "r":0.7396351575,
      "f":0.735366859
    },
    "ccomp":{
      "p":0.55,
      "r":0.5432098765,
      "f":0.5465838509
    },
    "discourse":{
      "p":0.8404401651,
      "r":0.8404401651,
      "f":0.8404401651
    },
    "obj":{
      "p":0.8629671574,
      "r":0.8401323043,
      "f":0.851396648
    },
    "det":{
      "p":0.9418502203,
      "r":0.9381307591,
      "f":0.9399868103
    },
    "nmod":{
      "p":0.758,
      "r":0.7316602317,
      "f":0.7445972495
    },
    "cop":{
      "p":0.7578475336,
      "r":0.7971698113,
      "f":0.7770114943
    },
    "appos":{
      "p":0.5089285714,
      "r":0.3475609756,
      "f":0.4130434783
    },
    "case":{
      "p":0.9682899207,
      "r":0.9726962457,
      "f":0.9704880817
    },
    "acl":{
      "p":0.5828220859,
      "r":0.5792682927,
      "f":0.5810397554
    },
    "mark":{
      "p":0.8733031674,
      "r":0.8935185185,
      "f":0.8832951945
    },
    "obl":{
      "p":0.7406060606,
      "r":0.7675879397,
      "f":0.7538556447
    },
    "nsubj:pass":{
      "p":0.7717391304,
      "r":0.7473684211,
      "f":0.7593582888
    },
    "xcomp":{
      "p":0.6916299559,
      "r":0.6541666667,
      "f":0.6723768737
    },
    "cc":{
      "p":0.6791338583,
      "r":0.6831683168,
      "f":0.6811451135
    },
    "conj":{
      "p":0.6315789474,
      "r":0.6233766234,
      "f":0.6274509804
    },
    "dislocated":{
      "p":0.125,
      "r":0.0714285714,
      "f":0.0909090909
    },
    "amod":{
      "p":0.742081448,
      "r":0.7592592593,
      "f":0.7505720824
    },
    "parataxis":{
      "p":0.0,
      "r":0.0,
      "f":0.0
    },
    "dep":{
      "p":0.0,
      "r":0.0,
      "f":0.0
    },
    "nummod":{
      "p":0.8695652174,
      "r":0.8571428571,
      "f":0.8633093525
    },
    "fixed":{
      "p":0.1621621622,
      "r":0.75,
      "f":0.2666666667
    },
    "csubj":{
      "p":0.0,
      "r":0.0,
      "f":0.0
    },
    "csubj:pass":{
      "p":0.25,
      "r":0.1428571429,
      "f":0.1818181818
    },
    "obl:agent":{
      "p":0.6153846154,
      "r":0.3636363636,
      "f":0.4571428571
    },
    "orphan":{
      "p":0.2432432432,
      "r":0.2571428571,
      "f":0.25
    },
    "vocative":{
      "p":0.7636363636,
      "r":0.6885245902,
      "f":0.724137931
    },
    "aux":{
      "p":0.0,
      "r":0.0,
      "f":0.0
    },
    "aux:pass":{
      "p":0.0,
      "r":0.0,
      "f":0.0
    },
    "flat:name":{
      "p":1.0,
      "r":0.8571428571,
      "f":0.9230769231
    }
  },
  "lemma_acc":0.9440690691,
  "speed":237.4639930161
}